solution_id,problem_id,old_outcome,input_outcome,graph_outcome,mutation_outcome,input_result,graph_result,mutation_result
340229,800,0,,,,,,
340230,800,0,,,,,,
340231,800,1,,,,,,
340232,800,1,,,,,,
340233,800,1,,,,,,
340234,800,0,,,,,,
340235,800,0,,,,,,
340236,800,1,,,,,,
340237,800,0,,,,,,
340238,800,1,,,,,,
340239,800,1,,,,,,
340240,800,0,,,,,,
340241,800,0,,,,,,
340242,800,0,,,,,,
340243,800,0,,,,,,
340244,800,1,,,,,,
340245,800,0,,,,,,
340246,800,0,,,,,,
340247,800,0,,,,,,
340248,800,0,,,,,,
340249,800,1,,,,,,
340250,800,0,,,,,,
340251,800,0,,,,,,
340252,800,0,,,,,,
340253,800,0,,,,,,
340254,800,0,,,,,,
340255,800,1,,,,,,
340256,800,0,,,,,,
340257,800,0,,,,,,
340258,800,1,,,,,,
340259,800,0,,,,,,
340260,800,0,,,,,,
340261,800,0,,,,,,
340262,800,1,,,,,,
340263,800,0,,,,,,
340264,800,0,,,,,,
340265,800,0,,,,,,
340266,800,0,,,,,,
340267,800,0,,,,,,
340268,800,0,,,,,,
340269,800,0,,,,,,
340270,800,0,,,,,,
340271,800,1,,,,,,
340272,800,1,,,,,,
340273,800,1,,,,,,
340274,800,0,,,,,,
340275,800,0,,,,,,
340276,800,0,,,,,,
340277,800,1,,,,,,
340278,800,0,,,,,,
340279,800,1,,,,,,
340280,800,0,,,,,,
340281,800,0,,,,,,
340282,800,0,,,,,,
340283,800,1,,,,,,
340284,800,1,,,,,,
340285,800,0,,,,,,
340286,800,0,,,,,,
340287,800,1,,,,,,
340288,800,1,,,,,,
340289,800,0,,,,,,
340290,800,0,,,,,,
340291,800,0,,,,,,
340292,800,0,,,,,,
340293,800,0,,,,,,
340294,800,0,,,,,,
340295,800,0,,,,,,
340296,800,0,,,,,,
340297,800,0,,,,,,
340298,800,0,,,,,,
340299,800,0,,,,,,
340300,800,0,,,,,,
340301,800,0,,,,,,
340302,800,0,,,,,,
340303,800,1,,,,,,
340304,800,0,,,,,,
340305,800,0,,,,,,
340306,800,0,,,,,,
340307,800,0,,,,,,
340308,800,0,,,,,,
340309,800,0,,,,,,
340310,800,1,,,,,,
340311,800,0,,,,,,
340312,800,0,,,,,,
340313,800,1,,,,,,
340314,800,0,,,,,,
340315,800,0,,,,,,
340316,800,0,,,,,,
340317,800,0,,,,,,
340318,800,0,,,,,,
340319,800,0,,,,,,
340320,800,0,,,,,,
340321,800,0,,,,,,
340322,800,0,,,,,,
340323,800,0,,,,,,
340324,800,0,,,,,,
340325,800,0,,,,,,
340326,800,1,,,,,,
340327,800,0,,,,,,
340328,800,1,,,,,,
340329,800,0,,,,,,
340330,800,0,,,,,,
340331,800,0,,,,,,
340332,800,0,,,,,,
340333,800,0,,,,,,
340334,800,0,,,,,,
340335,800,0,,,,,,
340336,800,1,,,,,,
340337,800,1,,,,,,
340338,800,0,,,,,,
340339,800,0,,,,,,
340340,800,0,,,,,,
340341,800,0,,,,,,
340342,800,0,,,,,,
340343,800,1,,,,,,
340344,800,0,,,,,,
340345,800,0,,,,,,
340346,800,0,,,,,,
340347,800,0,,,,,,
340348,800,0,,,,,,
340349,800,0,,,,,,
340350,800,0,,,,,,
340351,800,0,,,,,,
340352,800,0,,,,,,
340353,800,0,,,,,,
340354,800,0,,,,,,
340355,800,0,,,,,,
340356,800,0,,,,,,
340357,800,0,,,,,,
340358,800,1,,,,,,
340359,800,0,,,,,,
340360,800,0,,,,,,
340361,800,0,,,,,,
340362,800,0,,,,,,
340363,800,0,,,,,,
340364,800,0,,,,,,
340365,800,1,,,,,,
340366,800,1,,,,,,
340367,800,0,,,,,,
340368,800,0,,,,,,
340369,800,1,,,,,,
340370,800,0,,,,,,
340371,800,1,,,,,,
340372,800,0,,,,,,
340373,800,0,,,,,,
340374,800,0,,,,,,
340375,800,0,,,,,,
340376,800,0,,,,,,
340377,800,0,,,,,,
340378,800,0,,,,,,
340379,800,0,,,,,,
340380,800,1,,,,,,
340381,800,0,,,,,,
340382,800,0,,,,,,
340383,800,0,,,,,,
340384,800,0,,,,,,
340385,800,0,,,,,,
340386,800,0,,,,,,
340387,800,0,,,,,,
340388,800,0,,,,,,
340389,800,1,,,,,,
340390,800,0,,,,,,
340391,800,0,,,,,,
340392,800,0,,,,,,
340393,800,0,,,,,,
340394,800,0,,,,,,
340395,800,1,,,,,,
340396,800,0,,,,,,
340397,800,0,,,,,,
340398,800,0,,,,,,
340399,800,0,,,,,,
340400,800,0,,,,,,
340401,800,0,,,,,,
340402,800,0,,,,,,
340403,800,0,,,,,,
340404,800,1,,,,,,
340405,800,0,,,,,,
340406,800,0,,,,,,
340407,800,0,,,,,,
340408,800,0,,,,,,
340409,800,0,,,,,,
340410,800,1,,,,,,
340411,800,1,,,,,,
340412,800,0,,,,,,
340413,800,0,,,,,,
340414,800,1,,,,,,
340415,800,0,,,,,,
340416,800,0,,,,,,
340417,800,1,,,,,,
340418,800,0,,,,,,
340419,800,0,,,,,,
340420,800,0,,,,,,
340421,800,0,,,,,,
340422,800,1,,,,,,
340423,800,0,,,,,,
340424,800,0,,,,,,
340425,800,1,,,,,,
340426,800,1,,,,,,
340427,800,0,,,,,,
340428,800,1,,,,,,
340429,800,0,,,,,,
340430,800,1,,,,,,
340431,800,0,,,,,,
340432,800,1,,,,,,
340433,800,0,,,,,,
340434,800,0,,,,,,
340435,800,1,,,,,,
340436,800,0,,,,,,
340437,800,0,,,,,,
340438,800,0,,,,,,
340439,800,0,,,,,,
340440,800,0,,,,,,
340441,800,0,,,,,,
340442,800,0,,,,,,
340443,800,0,,,,,,
340444,800,0,,,,,,
340445,800,0,,,,,,
340446,800,0,,,,,,
340447,800,0,,,,,,
340448,800,0,,,,,,
340449,800,0,,,,,,
340450,800,0,,,,,,
340451,800,0,,,,,,
340452,800,1,,,,,,
340453,800,0,,,,,,
340454,800,0,,,,,,
340455,800,0,,,,,,
340456,800,0,,,,,,
340457,800,0,,,,,,
340458,800,0,,,,,,
340459,800,0,,,,,,
340460,800,1,,,,,,
340461,800,0,,,,,,
340462,800,0,,,,,,
340463,800,1,,,,,,
340464,800,0,,,,,,
340465,800,0,,,,,,
340466,800,1,,,,,,
340467,800,1,,,,,,
340468,800,0,,,,,,
340469,800,0,,,,,,
340470,800,0,,,,,,
340471,800,0,,,,,,
340472,800,0,,,,,,
340473,800,0,,,,,,
340474,800,0,,,,,,
340475,800,0,,,,,,
340476,800,0,,,,,,
340477,800,0,,,,,,
340478,800,0,,,,,,
340479,800,0,,,,,,
340480,800,0,,,,,,
340481,800,0,,,,,,
340482,800,0,,,,,,
340483,800,0,,,,,,
340484,800,0,,,,,,
340485,800,0,,,,,,
340486,800,0,,,,,,
340487,800,0,,,,,,
340488,800,0,,,,,,
340489,800,0,,,,,,
340490,800,0,,,,,,
340491,800,0,,,,,,
340492,800,0,,,,,,
340493,800,0,,,,,,
340494,800,0,,,,,,
340495,800,0,,,,,,
340496,800,0,,,,,,
340497,800,0,,,,,,
340498,800,0,,,,,,
340499,800,0,,,,,,
340500,800,0,,,,,,
340501,800,1,,,,,,
340502,800,0,,,,,,
340503,800,1,,,,,,
340504,800,0,,,,,,
340505,800,0,,,,,,
340506,800,0,,,,,,
340507,800,1,,,,,,
340508,800,0,,,,,,
340509,800,0,,,,,,
340510,800,0,,,,,,
340511,800,0,,,,,,
340512,800,0,,,,,,
340513,800,0,,,,,,
340514,800,0,,,,,,
340515,800,0,,,,,,
340516,800,0,,,,,,
340517,800,0,,,,,,
340518,800,0,,,,,,
340519,800,1,,,,,,
340520,800,1,,,,,,
340521,800,1,,,,,,
340522,800,1,,,,,,
340523,800,0,,,,,,
340524,800,0,,,,,,
340525,800,0,,,,,,
340526,800,0,,,,,,
340527,800,0,,,,,,
340528,800,0,,,,,,
340529,800,0,,,,,,
340530,800,0,,,,,,
340531,800,0,,,,,,
340532,800,0,,,,,,
340533,800,0,,,,,,
340534,800,0,,,,,,
340535,800,0,,,,,,
340536,800,0,,,,,,
340537,800,0,,,,,,
340538,800,0,,,,,,
340539,800,0,,,,,,
340540,800,0,,,,,,
340541,800,0,,,,,,
340542,800,0,,,,,,
340543,800,0,,,,,,
340544,800,0,,,,,,
340545,800,0,,,,,,
340546,800,0,,,,,,
340547,800,0,,,,,,
340548,800,0,,,,,,
340549,800,0,,,,,,
340550,800,0,,,,,,
340551,800,0,,,,,,
340552,800,0,,,,,,
340553,800,0,,,,,,
340554,800,0,,,,,,
340555,800,0,,,,,,
340556,800,0,,,,,,
340557,800,0,,,,,,
340558,800,0,,,,,,
340559,800,0,,,,,,
340560,800,0,,,,,,
340561,800,0,,,,,,
340562,800,0,,,,,,
340563,800,0,,,,,,
340564,800,0,,,,,,
340565,800,0,,,,,,
340566,800,1,,,,,,
340567,800,0,,,,,,
340568,800,0,,,,,,
340569,800,0,,,,,,
340570,800,0,,,,,,
340571,800,0,,,,,,
340572,800,0,,,,,,
340573,800,0,,,,,,
340574,800,0,,,,,,
340575,800,0,,,,,,
340576,800,0,,,,,,
340577,800,0,,,,,,
340578,800,0,,,,,,
340579,800,0,,,,,,
340580,800,0,,,,,,
340581,800,0,,,,,,
340582,800,0,,,,,,
340583,800,0,,,,,,
340584,800,0,,,,,,
340585,800,0,,,,,,
340586,800,0,,,,,,
340587,800,0,,,,,,
340588,800,0,,,,,,
340589,800,0,,,,,,
340590,800,0,,,,,,
340591,800,0,,,,,,
340592,800,0,,,,,,
340593,800,0,,,,,,
340594,800,0,,,,,,
340595,800,0,,,,,,
340596,800,0,,,,,,
340597,800,0,,,,,,
340598,800,0,,,,,,
340599,800,0,,,,,,
340600,800,0,,,,,,
340601,800,0,,,,,,
340602,800,0,,,,,,
340603,800,0,,,,,,
340604,800,0,,,,,,
340605,800,0,,,,,,
340606,800,0,,,,,,
340607,800,0,,,,,,
340608,800,1,,,,,,
340609,800,0,,,,,,
340610,800,0,,,,,,
340611,800,0,,,,,,
340612,800,0,,,,,,
340613,800,1,,,,,,
340614,800,0,,,,,,
340615,800,0,,,,,,
340616,800,0,,,,,,
340617,800,0,,,,,,
340618,800,0,,,,,,
340619,800,0,,,,,,
340620,800,0,,,,,,
340621,800,1,,,,,,
340622,800,0,,,,,,
340623,800,0,,,,,,
340624,800,0,,,,,,
340625,800,0,,,,,,
340626,800,0,,,,,,
340627,800,1,,,,,,
340628,800,1,,,,,,
340629,800,0,,,,,,
340630,800,0,,,,,,
340631,800,0,,,,,,
340632,800,0,,,,,,
340633,800,0,,,,,,
340634,800,1,,,,,,
340635,800,0,,,,,,
340636,800,0,,,,,,
340637,800,1,,,,,,
340638,800,1,,,,,,
340639,800,0,,,,,,
340640,800,0,,,,,,
340641,800,0,,,,,,
340642,800,0,,,,,,
340643,800,0,,,,,,
340644,800,0,,,,,,
340645,800,0,,,,,,
340646,800,0,,,,,,
340647,800,0,,,,,,
340648,800,1,,,,,,
340649,800,0,,,,,,
340650,800,0,,,,,,
340651,800,0,,,,,,
340652,800,0,,,,,,
340653,800,0,,,,,,
340654,800,0,,,,,,
340655,800,0,,,,,,
340656,800,0,,,,,,
340657,800,0,,,,,,
340658,800,0,,,,,,
340659,800,0,,,,,,
340660,800,0,,,,,,
340661,800,0,,,,,,
340662,800,1,,,,,,
340663,800,0,,,,,,
340664,800,0,,,,,,
340665,800,0,,,,,,
340666,800,0,,,,,,
340667,800,0,,,,,,
340668,800,0,,,,,,
340669,800,1,,,,,,
340670,800,0,,,,,,
340671,800,1,,,,,,
340672,800,0,,,,,,
340673,800,0,,,,,,
340674,800,1,,,,,,
340675,800,0,,,,,,
340676,800,0,,,,,,
340677,800,0,,,,,,
340678,800,0,,,,,,
340679,800,0,,,,,,
340680,800,0,,,,,,
340681,800,1,,,,,,
340682,800,0,,,,,,
340683,800,0,,,,,,
340684,800,0,,,,,,
340685,800,0,,,,,,
340686,800,0,,,,,,
340687,800,0,,,,,,
340688,800,0,,,,,,
340689,800,0,,,,,,
340690,800,0,,,,,,
340691,800,0,,,,,,
340692,800,0,,,,,,
340693,800,0,,,,,,
340694,800,1,,,,,,
340695,800,0,,,,,,
340696,800,0,,,,,,
340697,800,1,,,,,,
340698,800,0,,,,,,
340699,800,0,,,,,,
340700,800,0,,,,,,
340701,800,0,,,,,,
340702,800,0,,,,,,
340703,800,0,,,,,,
340704,800,0,,,,,,
340705,800,0,,,,,,
340706,800,0,,,,,,
340707,800,0,,,,,,
340708,800,0,,,,,,
340709,800,0,,,,,,
340710,800,0,,,,,,
340711,800,0,,,,,,
340712,800,0,,,,,,
340713,800,0,,,,,,
340714,800,0,,,,,,
340715,800,0,,,,,,
340716,800,0,,,,,,
340717,800,0,,,,,,
340718,800,0,,,,,,
340719,800,0,,,,,,
340720,800,0,,,,,,
340721,800,0,,,,,,
340722,800,0,,,,,,
340723,800,1,,,,,,
340724,800,1,,,,,,
340725,800,0,,,,,,
340726,800,0,,,,,,
340727,800,0,,,,,,
340728,800,0,,,,,,
340729,800,0,,,,,,
340730,800,1,,,,,,
340731,800,0,,,,,,
340732,800,0,,,,,,
340733,800,0,,,,,,
340734,800,0,,,,,,
340735,800,0,,,,,,
340736,800,0,,,,,,
340737,800,0,,,,,,
340738,800,0,,,,,,
340739,800,0,,,,,,
340740,800,0,,,,,,
340741,800,0,,,,,,
340742,800,0,,,,,,
340743,800,0,,,,,,
340744,800,0,,,,,,
340745,800,0,,,,,,
340746,800,0,,,,,,
340747,800,1,,,,,,
340748,800,0,,,,,,
340749,800,0,,,,,,
340750,800,0,,,,,,
340751,800,0,,,,,,
340752,800,0,,,,,,
340753,800,0,,,,,,
340754,800,0,,,,,,
340755,800,0,,,,,,
340756,800,0,,,,,,
340757,800,0,,,,,,
340758,800,0,,,,,,
340759,800,1,,,,,,
340760,800,0,,,,,,
340761,800,1,,,,,,
340762,800,0,,,,,,
340763,800,0,,,,,,
340764,800,0,,,,,,
340765,800,0,,,,,,
340766,800,0,,,,,,
340767,800,0,,,,,,
340768,800,0,,,,,,
340769,800,0,,,,,,
340770,800,0,,,,,,
340771,800,0,,,,,,
340772,800,0,,,,,,
340773,800,0,,,,,,
340774,800,0,,,,,,
340775,800,0,,,,,,
340776,800,0,,,,,,
340777,800,0,,,,,,
340778,800,0,,,,,,
340779,800,0,,,,,,
340780,800,0,,,,,,
340781,800,0,,,,,,
340782,800,0,,,,,,
340783,800,0,,,,,,
340784,800,0,,,,,,
340785,800,0,,,,,,
340786,800,0,,,,,,
340787,800,1,,,,,,
340788,800,0,,,,,,
340789,800,0,,,,,,
340790,800,0,,,,,,
340791,800,0,,,,,,
340792,800,0,,,,,,
340793,800,0,,,,,,
340794,800,0,,,,,,
340795,800,0,,,,,,
340796,800,0,,,,,,
340797,800,0,,,,,,
340798,800,0,,,,,,
340799,800,0,,,,,,
340800,800,0,,,,,,
340801,800,0,,,,,,
340802,800,0,,,,,,
340803,800,0,,,,,,
340804,800,0,,,,,,
340805,800,0,,,,,,
340806,800,0,,,,,,
340807,800,0,,,,,,
340808,800,0,,,,,,
340809,800,0,,,,,,
340810,800,1,,,,,,
340811,800,0,,,,,,
340812,800,0,,,,,,
340813,800,0,,,,,,
340814,800,0,,,,,,
340815,800,0,,,,,,
340816,800,0,,,,,,
340817,800,0,,,,,,
340818,800,0,,,,,,
340819,800,0,,,,,,
340820,800,0,,,,,,
340821,800,0,,,,,,
340822,800,0,,,,,,
340823,800,0,,,,,,
340824,800,0,,,,,,
340825,800,0,,,,,,
340826,800,0,,,,,,
340827,800,0,,,,,,
340828,800,1,,,,,,
340829,800,0,,,,,,
340830,800,0,,,,,,
340831,800,0,,,,,,
340832,800,0,,,,,,
340833,800,0,,,,,,
340834,800,0,,,,,,
340835,800,0,,,,,,
340836,800,0,,,,,,
340837,800,0,,,,,,
340838,800,0,,,,,,
340839,800,0,,,,,,
340840,800,0,,,,,,
340841,800,0,,,,,,
340842,800,0,,,,,,
340843,800,0,,,,,,
340844,800,0,,,,,,
340845,800,0,,,,,,
340846,800,0,,,,,,
340847,800,0,,,,,,
340848,800,0,,,,,,
340849,800,0,,,,,,
340850,800,0,,,,,,
340851,800,0,,,,,,
340852,800,0,,,,,,
340853,800,0,,,,,,
340854,800,0,,,,,,
340855,800,0,,,,,,
340856,800,0,,,,,,
340857,800,0,,,,,,
340858,800,0,,,,,,
340859,800,0,,,,,,
340860,800,0,,,,,,
340861,800,0,,,,,,
340862,800,0,,,,,,
340863,800,0,,,,,,
340864,800,1,,,,,,
340865,800,1,,,,,,
340866,800,1,,,,,,
340867,800,0,,,,,,
340868,800,0,,,,,,
340869,800,0,,,,,,
340870,800,0,,,,,,
340871,800,0,,,,,,
340872,800,0,,,,,,
340873,800,0,,,,,,
340874,800,0,,,,,,
340875,800,0,,,,,,
340876,800,0,,,,,,
340877,800,0,,,,,,
340878,800,0,,,,,,
340879,800,0,,,,,,
340880,800,0,,,,,,
340881,800,0,,,,,,
340882,800,0,,,,,,
340883,800,0,,,,,,
340884,800,0,,,,,,
340885,800,0,,,,,,
340886,800,0,,,,,,
340887,800,0,,,,,,
340888,800,0,,,,,,
340889,800,0,,,,,,
340890,800,0,,,,,,
340891,800,0,,,,,,
340892,800,0,,,,,,
340893,800,1,,,,,,
340894,800,0,,,,,,
340895,800,0,,,,,,
340896,800,1,,,,,,
340897,800,0,,,,,,
340898,800,0,,,,,,
340899,800,0,,,,,,
340900,800,0,,,,,,
340901,800,0,,,,,,
340902,800,0,,,,,,
340903,800,0,,,,,,
340904,800,0,,,,,,
340905,800,0,,,,,,
340906,800,0,,,,,,
340907,800,0,,,,,,
340908,800,0,,,,,,
340909,800,0,,,,,,
340910,800,0,,,,,,
340911,800,0,,,,,,
340912,800,0,,,,,,
340913,800,0,,,,,,
340914,800,0,,,,,,
340915,800,0,,,,,,
340916,800,0,,,,,,
340917,800,0,,,,,,
340918,800,0,,,,,,
340919,800,1,,,,,,
340920,800,1,,,,,,
340921,800,1,,,,,,
340922,800,1,,,,,,
340923,800,1,,,,,,
340924,800,0,,,,,,
340925,800,0,,,,,,
340926,800,0,,,,,,
340927,800,0,,,,,,
340928,800,0,,,,,,
340929,800,0,,,,,,
340930,800,0,,,,,,
340931,800,0,,,,,,
340932,800,0,,,,,,
340933,800,0,,,,,,
340934,800,0,,,,,,
340935,800,0,,,,,,
340936,800,0,,,,,,
340937,800,0,,,,,,
340938,800,0,,,,,,
340939,800,0,,,,,,
340940,800,0,,,,,,
340941,800,0,,,,,,
340942,800,0,,,,,,
340943,800,0,,,,,,
340944,800,0,,,,,,
340945,800,0,,,,,,
340946,800,0,,,,,,
340947,800,0,,,,,,
340948,800,0,,,,,,
340949,800,0,,,,,,
340950,800,0,,,,,,
340951,800,0,,,,,,
340952,800,0,,,,,,
340953,800,0,,,,,,
340954,800,0,,,,,,
340955,800,0,,,,,,
340956,800,0,,,,,,
340957,800,0,,,,,,
340958,800,0,,,,,,
340959,800,0,,,,,,
340960,800,0,,,,,,
340961,800,0,,,,,,
340962,800,0,,,,,,
340963,800,0,,,,,,
340964,800,0,,,,,,
340965,800,0,,,,,,
340966,800,0,,,,,,
340967,800,0,,,,,,
340968,800,0,,,,,,
340969,800,0,,,,,,
340970,800,0,,,,,,
340971,800,0,,,,,,
340972,800,0,,,,,,
340973,800,0,,,,,,
340974,800,0,,,,,,
340975,800,0,,,,,,
340976,800,0,,,,,,
340977,800,0,,,,,,
340978,800,0,,,,,,
340979,800,0,,,,,,
340980,800,0,,,,,,
340981,800,0,,,,,,
340982,800,0,,,,,,
340983,800,0,,,,,,
340984,800,0,,,,,,
340985,800,0,,,,,,
340986,800,0,,,,,,
340987,800,0,,,,,,
340988,800,1,,,,,,
340989,800,1,,,,,,
340990,800,0,,,,,,
340991,800,1,,,,,,
340992,800,0,,,,,,
340993,800,1,,,,,,
340994,800,1,,,,,,
340995,800,0,,,,,,
340996,800,1,,,,,,
340997,800,0,,,,,,
340998,800,0,,,,,,
340999,800,0,,,,,,
341000,800,0,,,,,,
341001,800,1,,,,,,
341002,800,0,,,,,,
341003,800,1,,,,,,
341004,800,0,,,,,,
341005,800,0,,,,,,
341006,800,0,,,,,,
341007,800,0,,,,,,
341008,800,0,,,,,,
341009,800,0,,,,,,
341010,800,0,,,,,,
341011,800,0,,,,,,
341012,800,0,,,,,,
341013,800,0,,,,,,
341014,800,0,,,,,,
341015,800,0,,,,,,
341016,800,0,,,,,,
341017,800,0,,,,,,
341018,800,0,,,,,,
341019,800,0,,,,,,
341020,800,0,,,,,,
341021,800,0,,,,,,
341022,800,0,,,,,,
341023,800,0,,,,,,
341024,800,0,,,,,,
341025,800,0,,,,,,
341026,800,0,,,,,,
341027,800,0,,,,,,
341028,800,0,,,,,,
341029,800,0,,,,,,
341030,800,0,,,,,,
341031,800,0,,,,,,
341032,800,0,,,,,,
341033,800,0,,,,,,
341034,800,0,,,,,,
341035,800,0,,,,,,
341036,800,0,,,,,,
341037,800,0,,,,,,
341038,800,0,,,,,,
341039,800,0,,,,,,
341040,800,0,,,,,,
341041,800,1,,,,,,
341042,800,0,,,,,,
341043,800,0,,,,,,
341044,800,0,,,,,,
341045,800,0,,,,,,
341046,800,0,,,,,,
341047,800,0,,,,,,
341048,800,0,,,,,,
341049,800,0,,,,,,
341050,800,0,,,,,,
341051,800,0,,,,,,
341052,800,1,,,,,,
341053,800,1,,,,,,
341054,800,0,,,,,,
341055,800,0,,,,,,
341056,800,0,,,,,,
341057,800,0,,,,,,
341058,800,0,,,,,,
341059,800,0,,,,,,
341060,800,0,,,,,,
341061,800,0,,,,,,
341062,800,1,,,,,,
341063,800,0,,,,,,
341064,800,0,,,,,,
341065,800,1,,,,,,
341066,800,0,,,,,,
341067,800,0,,,,,,
341068,800,0,,,,,,
341069,800,0,,,,,,
341070,800,0,,,,,,
341071,800,0,,,,,,
341072,800,0,,,,,,
341073,800,0,,,,,,
341074,800,0,,,,,,
341075,800,0,,,,,,
341076,800,0,,,,,,
341077,800,0,,,,,,
341078,800,0,,,,,,
341079,800,0,,,,,,
341080,800,0,,,,,,
341081,800,0,,,,,,
341082,800,0,,,,,,
341083,800,0,,,,,,
341084,800,1,,,,,,
341085,800,0,,,,,,
341086,800,1,,,,,,
341087,800,0,,,,,,
341088,800,0,,,,,,
341089,800,0,,,,,,
341090,800,0,,,,,,
341091,800,0,,,,,,
341092,800,0,,,,,,
341093,800,1,,,,,,
341094,800,1,,,,,,
341095,800,0,,,,,,
341096,800,0,,,,,,
341097,800,0,,,,,,
341098,800,0,,,,,,
341099,800,0,,,,,,
341100,800,0,,,,,,
341101,800,0,,,,,,
341102,800,0,,,,,,
341103,800,0,,,,,,
341104,800,0,,,,,,
341105,800,0,,,,,,
341106,800,0,,,,,,
341107,800,1,,,,,,
341108,800,0,,,,,,
341109,800,0,,,,,,
341110,800,0,,,,,,
341111,800,0,,,,,,
341112,800,1,,,,,,
341113,800,1,,,,,,
341114,800,1,,,,,,
341115,800,1,,,,,,
341116,800,0,,,,,,
341117,800,0,,,,,,
341118,800,0,,,,,,
341119,800,0,,,,,,
341120,800,1,,,,,,
341121,800,0,,,,,,
341122,800,0,,,,,,
341123,800,1,,,,,,
341124,800,1,,,,,,
341125,800,0,,,,,,
341126,800,1,,,,,,
341127,800,0,,,,,,
341128,800,1,,,,,,
341129,800,0,,,,,,
341130,800,0,,,,,,
341131,800,0,,,,,,
341132,800,0,,,,,,
341133,800,1,,,,,,
341134,800,1,,,,,,
341135,800,1,,,,,,
341136,800,0,,,,,,
341137,800,0,,,,,,
341138,800,0,,,,,,
341139,800,1,,,,,,
341140,800,1,,,,,,
341141,800,0,,,,,,
341142,800,0,,,,,,
341143,800,0,,,,,,
341144,800,1,,,,,,
341145,800,0,,,,,,
341146,800,0,,,,,,
341147,800,0,,,,,,
341148,800,0,,,,,,
341149,800,1,,,,,,
341150,800,0,,,,,,
341151,800,1,,,,,,
341152,800,0,,,,,,
341153,800,0,,,,,,
341154,800,0,,,,,,
341155,800,0,,,,,,
341156,800,1,,,,,,
341157,800,0,,,,,,
341158,800,0,,,,,,
341159,800,0,,,,,,
341160,800,0,,,,,,
341161,800,0,,,,,,
341162,800,0,,,,,,
341163,800,0,,,,,,
341164,800,0,,,,,,
341165,800,0,,,,,,
341166,800,0,,,,,,
341167,800,0,,,,,,
341168,800,0,,,,,,
341169,800,0,,,,,,
341170,800,0,,,,,,
341171,800,0,,,,,,
341172,800,0,,,,,,
341173,800,0,,,,,,
341174,800,0,,,,,,
341175,800,0,,,,,,
341176,800,0,,,,,,
341177,800,0,,,,,,
341178,800,0,,,,,,
341179,800,0,,,,,,
341180,800,0,,,,,,
341181,800,0,,,,,,
341182,800,0,,,,,,
341183,800,0,,,,,,
341184,800,1,,,,,,
341185,800,0,,,,,,
341186,800,1,,,,,,
341187,800,1,,,,,,
341188,800,0,,,,,,
341189,800,0,,,,,,
341190,800,0,,,,,,
341191,800,0,,,,,,
341192,800,0,,,,,,
341193,800,0,,,,,,
341194,800,0,,,,,,
341195,800,0,,,,,,
341196,800,0,,,,,,
341197,800,0,,,,,,
341198,800,0,,,,,,
341199,800,0,,,,,,
341200,800,1,,,,,,
341201,800,0,,,,,,
341202,800,1,,,,,,
341203,800,0,,,,,,
341204,800,0,,,,,,
341205,800,1,,,,,,
341206,800,0,,,,,,
341207,800,0,,,,,,
341208,800,1,,,,,,
341209,800,0,,,,,,
341210,800,1,,,,,,
341211,800,0,,,,,,
341212,800,0,,,,,,
341213,800,0,,,,,,
341214,800,1,,,,,,
341215,800,0,,,,,,
341216,800,0,,,,,,
341217,800,1,,,,,,
341218,800,1,,,,,,
341219,800,0,,,,,,
341220,800,0,,,,,,
341221,800,0,,,,,,
341222,800,1,,,,,,
341223,800,0,,,,,,
341224,800,1,,,,,,
341225,800,0,,,,,,
341226,800,1,,,,,,
341227,800,0,,,,,,
341228,800,1,,,,,,
341229,800,0,,,,,,
341230,800,1,,,,,,
341231,800,0,,,,,,
341232,800,0,,,,,,
341233,800,0,,,,,,
341234,800,0,,,,,,
341235,800,0,,,,,,
341236,800,1,,,,,,
341237,800,0,,,,,,
341238,800,0,,,,,,
341239,800,0,,,,,,
341240,800,0,,,,,,
341241,800,0,,,,,,
341242,800,1,,,,,,
341243,800,0,,,,,,
341244,800,0,,,,,,
341245,800,1,,,,,,
341246,800,0,,,,,,
341247,800,0,,,,,,
341248,800,1,,,,,,
341249,800,0,,,,,,
341250,800,0,,,,,,
341251,800,0,,,,,,
341252,800,0,,,,,,
341253,800,0,,,,,,
341254,800,0,,,,,,
341255,800,0,,,,,,
341256,800,0,,,,,,
341257,800,1,,,,,,
341258,800,1,,,,,,
341259,800,0,,,,,,
341260,800,0,,,,,,
341261,800,0,,,,,,
341262,800,0,,,,,,
341263,800,0,,,,,,
341264,800,0,,,,,,
341265,800,1,,,,,,
341266,800,1,,,,,,
341267,800,0,,,,,,
341268,800,1,,,,,,
341269,800,1,,,,,,
341270,800,0,,,,,,
341271,800,0,,,,,,
341272,800,1,,,,,,
341273,800,0,,,,,,
341274,800,1,,,,,,
341275,800,1,,,,,,
341276,800,0,,,,,,
341277,800,1,,,,,,
341278,800,0,,,,,,
341279,800,0,,,,,,
341280,800,0,,,,,,
341281,800,0,,,,,,
341282,800,0,,,,,,
341283,800,1,,,,,,
341284,800,1,,,,,,
341285,800,1,,,,,,
341286,800,1,,,,,,
341287,800,0,,,,,,
341288,800,0,,,,,,
341289,800,0,,,,,,
341290,800,0,,,,,,
341291,800,1,,,,,,
341292,800,1,,,,,,
341293,800,0,,,,,,
341294,800,0,,,,,,
341295,800,0,,,,,,
341296,800,0,,,,,,
341297,800,0,,,,,,
341298,800,1,,,,,,
341299,800,0,,,,,,
341300,800,1,,,,,,
341301,800,1,,,,,,
341302,800,0,,,,,,
341303,800,0,,,,,,
341304,800,0,,,,,,
341305,800,0,,,,,,
341306,800,1,,,,,,
341307,800,0,,,,,,
341308,800,0,,,,,,
341309,800,0,,,,,,
341310,800,0,,,,,,
341311,800,1,,,,,,
341312,800,1,,,,,,
341313,800,1,,,,,,
341314,800,0,,,,,,
341315,800,0,,,,,,
341316,800,0,,,,,,
341317,800,0,,,,,,
341318,800,0,,,,,,
341319,800,0,,,,,,
341320,800,0,,,,,,
341321,800,0,,,,,,
341322,800,0,,,,,,
341323,800,0,,,,,,
341324,800,0,,,,,,
341325,800,0,,,,,,
341326,800,0,,,,,,
341327,800,0,,,,,,
341328,800,0,,,,,,
341329,800,0,,,,,,
341330,800,0,,,,,,
341331,800,0,,,,,,
341332,800,0,,,,,,
341333,800,0,,,,,,
341334,800,0,,,,,,
341335,800,1,,,,,,
341336,800,0,,,,,,
341337,800,0,,,,,,
341338,800,0,,,,,,
341339,800,0,,,,,,
341340,800,0,,,,,,
341341,800,0,,,,,,
341342,800,0,,,,,,
341343,800,0,,,,,,
341344,800,0,,,,,,
341345,800,0,,,,,,
341346,800,0,,,,,,
341347,800,0,,,,,,
341348,800,0,,,,,,
341349,800,0,,,,,,
341350,800,1,,,,,,
341351,800,0,,,,,,
341352,800,0,,,,,,
341353,800,0,,,,,,
341354,800,0,,,,,,
341355,800,0,,,,,,
341356,800,0,,,,,,
341357,800,0,,,,,,
341358,800,0,,,,,,
341359,800,0,,,,,,
341360,800,1,,,,,,
341361,800,0,,,,,,
341362,800,0,,,,,,
341363,800,0,,,,,,
341364,800,1,,,,,,
341365,800,0,,,,,,
341366,800,0,,,,,,
341367,800,1,,,,,,
341368,800,1,,,,,,
341369,800,0,,,,,,
341370,800,1,,,,,,
341371,800,1,,,,,,
341372,800,0,,,,,,
341373,800,1,,,,,,
341374,800,0,,,,,,
341375,800,1,,,,,,
341376,800,0,,,,,,
341377,800,1,,,,,,
341378,800,0,,,,,,
341379,800,0,,,,,,
341380,800,0,,,,,,
341381,800,0,,,,,,
341382,800,0,,,,,,
341383,800,0,,,,,,
341384,800,0,,,,,,
341385,800,0,,,,,,
341386,800,0,,,,,,
341387,800,0,,,,,,
341388,800,0,,,,,,
341389,800,0,,,,,,
341390,800,0,,,,,,
341391,800,0,,,,,,
341392,800,0,,,,,,
341393,800,0,,,,,,
341394,800,0,,,,,,
341395,800,0,,,,,,
341396,800,1,,,,,,
341397,800,0,,,,,,
341398,800,0,,,,,,
341399,800,1,,,,,,
341400,800,1,,,,,,
341401,800,1,,,,,,
341402,800,0,,,,,,
341403,800,0,,,,,,
341404,800,0,,,,,,
341405,800,0,,,,,,
341406,800,0,,,,,,
341407,800,0,,,,,,
341408,800,0,,,,,,
341409,800,0,,,,,,
341410,800,0,,,,,,
341411,800,0,,,,,,
341412,800,0,,,,,,
341413,800,0,,,,,,
341414,800,0,,,,,,
341415,800,0,,,,,,
341416,800,1,,,,,,
341417,800,0,,,,,,
341418,800,1,,,,,,
341419,800,0,,,,,,
341420,800,1,,,,,,
341421,800,0,,,,,,
341422,800,1,,,,,,
341423,800,1,,,,,,
341424,800,0,,,,,,
341425,800,1,,,,,,
341426,800,1,,,,,,
341427,800,1,,,,,,
341428,800,1,,,,,,
341429,800,0,,,,,,
341430,800,0,,,,,,
341431,800,0,,,,,,
341432,800,0,,,,,,
341433,800,0,,,,,,
341434,800,0,,,,,,
341435,800,1,,,,,,
341436,800,0,,,,,,
341437,800,0,,,,,,
341438,800,0,,,,,,
341439,800,0,,,,,,
341440,800,1,,,,,,
341441,800,0,,,,,,
341442,800,1,,,,,,
341443,800,0,,,,,,
341444,800,0,,,,,,
341445,800,0,,,,,,
341446,800,0,,,,,,
341447,800,0,,,,,,
341448,800,0,,,,,,
341449,800,0,,,,,,
341450,800,0,,,,,,
341451,800,0,,,,,,
341452,800,0,,,,,,
341453,800,0,,,,,,
341454,800,0,,,,,,
341455,800,0,,,,,,
341456,800,0,,,,,,
341457,800,0,,,,,,
341458,800,0,,,,,,
341459,800,0,,,,,,
341460,800,0,,,,,,
341461,800,0,,,,,,
341462,800,1,,,,,,
341463,800,1,,,,,,
341464,800,0,,,,,,
341465,800,0,,,,,,
341466,800,0,,,,,,
341467,800,0,,,,,,
341468,800,1,,,,,,
341469,800,1,,,,,,
341470,800,0,,,,,,
341471,800,1,,,,,,
341472,800,1,,,,,,
341473,800,1,,,,,,
341474,800,1,,,,,,
341475,800,1,,,,,,
341476,800,0,,,,,,
341477,800,1,,,,,,
341478,800,1,,,,,,
341479,800,0,,,,,,
341480,800,0,,,,,,
341481,800,0,,,,,,
341482,800,0,,,,,,
341483,800,0,,,,,,
341484,800,1,,,,,,
341485,800,0,,,,,,
341486,800,0,,,,,,
341487,800,1,,,,,,
341488,800,1,,,,,,
341489,800,1,,,,,,
341490,800,1,,,,,,
341491,800,0,,,,,,
341492,800,1,,,,,,
341493,800,0,,,,,,
341494,800,1,,,,,,
341495,800,0,,,,,,
341496,800,0,,,,,,
341497,800,0,,,,,,
341498,800,1,,,,,,
341499,800,1,,,,,,
341500,800,0,,,,,,
341501,800,1,,,,,,
341502,800,1,,,,,,
341503,800,1,,,,,,
341504,800,1,,,,,,
341505,800,1,,,,,,
341506,800,1,,,,,,
341507,800,1,,,,,,
341508,800,0,,,,,,
341509,800,1,,,,,,
341510,800,1,,,,,,
341511,800,1,,,,,,
341512,800,0,,,,,,
341513,800,0,,,,,,
341514,800,0,,,,,,
341515,800,0,,,,,,
341516,800,0,,,,,,
341517,800,1,,,,,,
341518,800,0,,,,,,
341519,800,0,,,,,,
341520,800,0,,,,,,
341521,800,0,,,,,,
341522,800,0,,,,,,
341523,800,0,,,,,,
341524,800,0,,,,,,
341525,800,0,,,,,,
341526,800,0,,,,,,
341527,800,0,,,,,,
341528,800,0,,,,,,
341529,800,0,,,,,,
341530,800,0,,,,,,
341531,800,0,,,,,,
341532,800,0,,,,,,
341533,800,1,,,,,,
341534,800,0,,,,,,
341535,800,0,,,,,,
341536,800,0,,,,,,
341537,800,1,,,,,,
341538,800,1,,,,,,
341539,800,1,,,,,,
341540,800,0,,,,,,
341541,800,0,,,,,,
341542,800,0,,,,,,
341543,800,0,,,,,,
341544,800,0,,,,,,
341545,800,0,,,,,,
341546,800,0,,,,,,
341547,800,0,,,,,,
341548,800,0,,,,,,
341549,800,0,,,,,,
341550,800,0,,,,,,
341551,800,0,,,,,,
341552,800,0,,,,,,
341553,800,0,,,,,,
341554,800,0,,,,,,
341555,800,0,,,,,,
341556,800,1,,,,,,
341557,800,0,,,,,,
341558,800,0,,,,,,
341559,800,0,,,,,,
341560,800,0,,,,,,
341561,800,0,,,,,,
341562,800,0,,,,,,
341563,800,1,,,,,,
341564,800,0,,,,,,
341565,800,0,,,,,,
341566,800,0,,,,,,
341567,800,0,,,,,,
341568,800,0,,,,,,
341569,800,0,,,,,,
341570,800,1,,,,,,
341571,800,0,,,,,,
341572,800,0,,,,,,
341573,800,0,,,,,,
341574,800,0,,,,,,
341575,800,0,,,,,,
341576,800,0,,,,,,
341577,800,0,,,,,,
341578,800,0,,,,,,
341579,800,0,,,,,,
341580,800,0,,,,,,
341581,800,0,,,,,,
341582,800,0,,,,,,
341583,800,0,,,,,,
341584,800,0,,,,,,
341585,800,0,,,,,,
341586,800,0,,,,,,
341587,800,0,,,,,,
341588,800,0,,,,,,
341589,800,0,,,,,,
341590,800,1,,,,,,
341591,800,1,,,,,,
341592,800,0,,,,,,
341593,800,0,,,,,,
341594,800,0,,,,,,
341595,800,0,,,,,,
341596,800,0,,,,,,
341597,800,0,,,,,,
341598,800,0,,,,,,
341599,800,0,,,,,,
341600,800,0,,,,,,
341601,800,0,,,,,,
341602,800,0,,,,,,
341603,800,0,,,,,,
341604,800,0,,,,,,
341605,800,0,,,,,,
341606,800,0,,,,,,
341607,800,0,,,,,,
341608,800,0,,,,,,
341609,800,0,,,,,,
341610,800,0,,,,,,
341611,800,0,,,,,,
341612,800,0,,,,,,
341613,800,0,,,,,,
341614,800,0,,,,,,
341615,800,0,,,,,,
341616,800,0,,,,,,
341617,800,0,,,,,,
341618,800,1,,,,,,
341619,800,1,,,,,,
341620,800,0,,,,,,
341621,800,1,,,,,,
341622,800,0,,,,,,
341623,800,0,,,,,,
341624,800,0,,,,,,
341625,800,0,,,,,,
341626,800,0,,,,,,
341627,800,0,,,,,,
341628,800,0,,,,,,
341629,800,0,,,,,,
341630,800,0,,,,,,
341631,800,0,,,,,,
341632,800,0,,,,,,
341633,800,0,,,,,,
341634,800,0,,,,,,
341635,800,0,,,,,,
341636,800,0,,,,,,
341637,800,0,,,,,,
341638,800,0,,,,,,
341639,800,0,,,,,,
341640,800,0,,,,,,
341641,800,0,,,,,,
341642,800,0,,,,,,
341643,800,0,,,,,,
341644,800,1,,,,,,
341645,800,1,,,,,,
341646,800,0,,,,,,
341647,800,0,,,,,,
341648,800,0,,,,,,
341649,800,0,,,,,,
341650,800,0,,,,,,
341651,800,0,,,,,,
341652,800,0,,,,,,
341653,800,0,,,,,,
341654,800,0,,,,,,
341655,800,0,,,,,,
341656,800,0,,,,,,
341657,800,0,,,,,,
341658,800,0,,,,,,
341659,800,0,,,,,,
341660,800,1,,,,,,
341661,800,0,,,,,,
341662,800,1,,,,,,
341663,800,0,,,,,,
341664,800,0,,,,,,
341665,800,0,,,,,,
341666,800,0,,,,,,
341667,800,0,,,,,,
341668,800,0,,,,,,
341669,800,0,,,,,,
341670,800,0,,,,,,
341671,800,0,,,,,,
341672,800,0,,,,,,
341673,800,0,,,,,,
341674,800,1,,,,,,
341675,800,0,,,,,,
341676,800,0,,,,,,
341677,800,0,,,,,,
341678,800,0,,,,,,
341679,800,0,,,,,,
341680,800,0,,,,,,
341681,800,0,,,,,,
341682,800,0,,,,,,
341683,800,0,,,,,,
341684,800,1,,,,,,
341685,800,1,,,,,,
341686,800,0,,,,,,
341687,800,0,,,,,,
341688,800,1,,,,,,
341689,800,0,,,,,,
341690,800,0,,,,,,
341691,800,1,,,,,,
341692,800,1,,,,,,
341693,800,0,,,,,,
341694,800,0,,,,,,
341695,800,1,,,,,,
341696,800,0,,,,,,
341697,800,0,,,,,,
341698,800,1,,,,,,
341699,800,0,,,,,,
341700,800,1,,,,,,
341701,800,1,,,,,,
341702,800,0,,,,,,
341703,800,1,,,,,,
341704,800,0,,,,,,
341705,800,0,,,,,,
341706,800,0,,,,,,
341707,800,0,,,,,,
341708,800,0,,,,,,
341709,800,0,,,,,,
341710,800,0,,,,,,
341711,800,1,,,,,,
341712,800,0,,,,,,
341713,800,0,,,,,,
341714,800,0,,,,,,
341715,800,0,,,,,,
341716,800,0,,,,,,
341717,800,0,,,,,,
341718,800,1,,,,,,
341719,800,0,,,,,,
341720,800,1,,,,,,
341721,800,1,,,,,,
341722,800,0,,,,,,
341723,800,0,,,,,,
341724,800,1,,,,,,
341725,800,0,,,,,,
341726,800,0,,,,,,
341727,800,0,,,,,,
341728,800,1,,,,,,
341729,800,1,,,,,,
341730,800,0,,,,,,
341731,800,0,,,,,,
341732,800,0,,,,,,
341733,800,0,,,,,,
341734,800,1,,,,,,
341735,800,0,,,,,,
341736,800,0,,,,,,
341737,800,0,,,,,,
341738,800,0,,,,,,
341739,800,0,,,,,,
341740,800,0,,,,,,
341741,800,0,,,,,,
341742,800,0,,,,,,
341743,800,0,,,,,,
341744,800,1,,,,,,
341745,800,0,,,,,,
341746,800,0,,,,,,
341747,800,0,,,,,,
341748,800,0,,,,,,
341749,800,0,,,,,,
341750,800,1,,,,,,
341751,800,1,,,,,,
341752,800,0,,,,,,
341753,800,1,,,,,,
341754,800,0,,,,,,
341755,800,0,,,,,,
341756,800,0,,,,,,
341757,800,0,,,,,,
341758,800,0,,,,,,
341759,800,1,,,,,,
341760,800,1,,,,,,
341761,800,1,,,,,,
341762,800,1,,,,,,
341763,800,1,,,,,,
341764,800,0,,,,,,
341765,800,1,,,,,,
341766,800,0,,,,,,
341767,800,0,,,,,,
341768,800,1,,,,,,
341769,800,0,,,,,,
341770,800,0,,,,,,
341771,800,0,,,,,,
341772,800,0,,,,,,
341773,800,0,,,,,,
341774,800,0,,,,,,
341775,800,0,,,,,,
341776,800,0,,,,,,
341777,800,0,,,,,,
341778,800,0,,,,,,
341779,800,0,,,,,,
341780,800,0,,,,,,
341781,800,0,,,,,,
341782,800,0,,,,,,
341783,800,0,,,,,,
341784,800,0,,,,,,
341785,800,0,,,,,,
341786,800,0,,,,,,
341787,800,0,,,,,,
341788,800,0,,,,,,
341789,800,0,,,,,,
341790,800,0,,,,,,
341791,800,0,,,,,,
341792,800,0,,,,,,
341793,800,0,,,,,,
341794,800,0,,,,,,
341795,800,0,,,,,,
341796,800,0,,,,,,
341797,800,0,,,,,,
341798,800,0,,,,,,
341799,800,1,,,,,,
341800,800,0,,,,,,
341801,800,0,,,,,,
341802,800,0,,,,,,
341803,800,0,,,,,,
341804,800,0,,,,,,
341805,800,1,,,,,,
341806,800,0,,,,,,
341807,800,1,,,,,,
341808,800,1,,,,,,
341809,800,0,,,,,,
341810,800,0,,,,,,
341811,800,1,,,,,,
341812,800,0,,,,,,
341813,800,0,,,,,,
341814,800,1,,,,,,
341815,800,1,,,,,,
341816,800,1,,,,,,
341817,800,0,,,,,,
341818,800,0,,,,,,
341819,800,0,,,,,,
341820,800,1,,,,,,
341821,800,1,,,,,,
341822,800,0,,,,,,
341823,800,0,,,,,,
341824,800,0,,,,,,
341825,800,0,,,,,,
341826,800,0,,,,,,
341827,800,0,,,,,,
341828,800,0,,,,,,
341829,800,0,,,,,,
341830,800,0,,,,,,
341831,800,0,,,,,,
341832,800,0,,,,,,
341833,800,0,,,,,,
341834,800,0,,,,,,
341835,800,0,,,,,,
341836,800,0,,,,,,
341837,800,0,,,,,,
341838,800,0,,,,,,
341839,800,0,,,,,,
341840,800,0,,,,,,
341841,800,1,,,,,,
341842,800,0,,,,,,
341843,800,0,,,,,,
341844,800,0,,,,,,
341845,800,0,,,,,,
341846,800,0,,,,,,
341847,800,0,,,,,,
341848,800,0,,,,,,
341849,800,0,,,,,,
341850,800,0,,,,,,
341851,800,0,,,,,,
341852,800,0,,,,,,
341853,800,0,,,,,,
341854,800,0,,,,,,
341855,800,0,,,,,,
341856,800,0,,,,,,
341857,800,0,,,,,,
341858,800,0,,,,,,
341859,800,0,,,,,,
341860,800,0,,,,,,
341861,800,0,,,,,,
341862,800,0,,,,,,
341863,800,0,,,,,,
341864,800,0,,,,,,
341865,800,0,,,,,,
341866,800,0,,,,,,
341867,800,0,,,,,,
341868,800,0,,,,,,
341869,800,0,,,,,,
341870,800,1,,,,,,
341871,800,0,,,,,,
341872,800,1,,,,,,
341873,800,0,,,,,,
341874,800,0,,,,,,
341875,800,0,,,,,,
341876,800,0,,,,,,
341877,800,1,,,,,,
341878,800,0,,,,,,
341879,800,0,,,,,,
341880,800,0,,,,,,
341881,800,0,,,,,,
341882,800,0,,,,,,
341883,800,0,,,,,,
341884,800,0,,,,,,
341885,800,0,,,,,,
341886,800,0,,,,,,
341887,800,0,,,,,,
341888,800,0,,,,,,
341889,800,0,,,,,,
341890,800,0,,,,,,
341891,800,0,,,,,,
341892,800,0,,,,,,
341893,800,0,,,,,,
341894,800,0,,,,,,
341895,800,0,,,,,,
341896,800,0,,,,,,
341897,800,0,,,,,,
341898,800,0,,,,,,
341899,800,0,,,,,,
341900,800,0,,,,,,
341901,800,0,,,,,,
341902,800,0,,,,,,
341903,800,0,,,,,,
341904,800,0,,,,,,
341905,800,0,,,,,,
341906,800,0,,,,,,
341907,800,0,,,,,,
341908,800,0,,,,,,
341909,800,0,,,,,,
341910,800,0,,,,,,
341911,800,0,,,,,,
341912,800,0,,,,,,
341913,800,0,,,,,,
341914,800,0,,,,,,
341915,800,0,,,,,,
341916,800,0,,,,,,
341917,800,0,,,,,,
341918,800,0,,,,,,
341919,800,0,,,,,,
341920,800,0,,,,,,
341921,800,0,,,,,,
341922,800,0,,,,,,
341923,800,1,,,,,,
341924,800,0,,,,,,
341925,800,0,,,,,,
341926,800,0,,,,,,
341927,800,1,,,,,,
341928,800,0,,,,,,
341929,800,0,,,,,,
341930,800,0,,,,,,
341931,800,0,,,,,,
341932,800,0,,,,,,
341933,800,0,,,,,,
341934,800,0,,,,,,
341935,800,0,,,,,,
341936,800,0,,,,,,
341937,800,0,,,,,,
341938,800,0,,,,,,
341939,800,0,,,,,,
341940,800,0,,,,,,
341941,800,0,,,,,,
341942,800,0,,,,,,
341943,800,0,,,,,,
341944,800,0,,,,,,
341945,800,0,,,,,,
341946,800,1,,,,,,
341947,800,0,,,,,,
341948,800,0,,,,,,
341949,800,0,,,,,,
341950,800,0,,,,,,
341951,800,0,,,,,,
341952,800,0,,,,,,
341953,800,0,,,,,,
341954,800,0,,,,,,
341955,800,0,,,,,,
341956,800,1,,,,,,
341957,800,1,,,,,,
341958,800,0,,,,,,
341959,800,0,,,,,,
341960,800,0,,,,,,
341961,800,1,,,,,,
341962,800,0,,,,,,
341963,800,0,,,,,,
341964,800,0,,,,,,
341965,800,0,,,,,,
341966,800,0,,,,,,
341967,800,0,,,,,,
341968,800,0,,,,,,
341969,800,0,,,,,,
341970,800,0,,,,,,
341971,800,0,,,,,,
341972,800,0,,,,,,
341973,800,1,,,,,,
341974,800,1,,,,,,
341975,800,1,,,,,,
341976,800,0,,,,,,
341977,800,1,,,,,,
341978,800,0,,,,,,
341979,800,0,,,,,,
341980,800,0,,,,,,
341981,800,1,,,,,,
341982,800,1,,,,,,
341983,800,1,,,,,,
341984,800,1,,,,,,
341985,800,1,,,,,,
341986,800,0,,,,,,
341987,800,0,,,,,,
341988,800,0,,,,,,
341989,800,0,,,,,,
341990,800,0,,,,,,
341991,800,0,,,,,,
341992,800,0,,,,,,
341993,800,0,,,,,,
341994,800,0,,,,,,
341995,800,0,,,,,,
341996,800,1,,,,,,
341997,800,0,,,,,,
341998,800,0,,,,,,
341999,800,0,,,,,,
342000,800,0,,,,,,
342001,800,0,,,,,,
342002,800,1,,,,,,
342003,800,1,,,,,,
342004,800,0,,,,,,
342005,800,0,,,,,,
342006,800,0,,,,,,
342007,800,0,,,,,,
342008,800,0,,,,,,
342009,800,0,,,,,,
342010,800,0,,,,,,
342011,800,0,,,,,,
342012,800,0,,,,,,
342013,800,0,,,,,,
342014,800,0,,,,,,
342015,800,0,,,,,,
342016,800,1,,,,,,
342017,800,0,,,,,,
342018,800,0,,,,,,
342019,800,0,,,,,,
342020,800,0,,,,,,
342021,800,0,,,,,,
342022,800,0,,,,,,
342023,800,0,,,,,,
342024,800,1,,,,,,
342025,800,0,,,,,,
342026,800,0,,,,,,
342027,800,0,,,,,,
342028,800,0,,,,,,
342029,800,1,,,,,,
342030,800,0,,,,,,
342031,800,0,,,,,,
342032,800,0,,,,,,
342033,800,0,,,,,,
342034,800,0,,,,,,
342035,800,0,,,,,,
342036,800,0,,,,,,
342037,800,0,,,,,,
342038,800,0,,,,,,
342039,800,0,,,,,,
342040,800,1,,,,,,
342041,800,0,,,,,,
342042,800,0,,,,,,
342043,800,1,,,,,,
342044,800,1,,,,,,
342045,800,0,,,,,,
342046,800,1,,,,,,
342047,800,0,,,,,,
342048,800,0,,,,,,
342049,800,0,,,,,,
342050,800,1,,,,,,
342051,800,1,,,,,,
342052,800,0,,,,,,
342053,800,1,,,,,,
342054,800,0,,,,,,
342055,800,0,,,,,,
342056,800,0,,,,,,
342057,800,0,,,,,,
342058,800,0,,,,,,
342059,800,1,,,,,,
342060,800,0,,,,,,
342061,800,0,,,,,,
342062,800,0,,,,,,
342063,800,1,,,,,,
342064,800,0,,,,,,
342065,800,1,,,,,,
342066,800,1,,,,,,
342067,800,1,,,,,,
342068,800,0,,,,,,
342069,800,0,,,,,,
342070,800,0,,,,,,
342071,800,1,,,,,,
342072,800,0,,,,,,
342073,800,0,,,,,,
342074,800,0,,,,,,
342075,800,0,,,,,,
342076,800,1,,,,,,
342077,800,1,,,,,,
342078,800,1,,,,,,
342079,800,0,,,,,,
342080,800,0,,,,,,
342081,800,0,,,,,,
342082,800,0,,,,,,
342083,800,0,,,,,,
342084,800,0,,,,,,
342085,800,0,,,,,,
342086,800,1,,,,,,
342087,800,0,,,,,,
342088,800,1,,,,,,
342089,800,1,,,,,,
342090,800,0,,,,,,
342091,800,1,,,,,,
342092,800,0,,,,,,
342093,800,0,,,,,,
342094,800,0,,,,,,
342095,800,0,,,,,,
342096,800,1,,,,,,
342097,800,0,,,,,,
342098,800,1,,,,,,
342099,800,1,,,,,,
342100,800,0,,,,,,
342101,800,0,,,,,,
342102,800,0,,,,,,
342103,800,0,,,,,,
342104,800,1,,,,,,
342105,800,0,,,,,,
342106,800,1,,,,,,
342107,800,0,,,,,,
342108,800,0,,,,,,
342109,800,0,,,,,,
342110,800,0,,,,,,
342111,800,0,,,,,,
342112,800,0,,,,,,
342113,800,1,,,,,,
342114,800,1,,,,,,
342115,800,0,,,,,,
342116,800,1,,,,,,
342117,800,0,,,,,,
342118,800,0,,,,,,
342119,800,1,,,,,,
342120,800,0,,,,,,
342121,800,0,,,,,,
342122,800,0,,,,,,
342123,800,1,,,,,,
342124,800,1,,,,,,
342125,800,1,,,,,,
342126,800,0,,,,,,
342127,800,1,,,,,,
342128,800,0,,,,,,
342129,800,0,,,,,,
342130,800,0,,,,,,
342131,800,0,,,,,,
342132,800,0,,,,,,
342133,800,0,,,,,,
342134,800,1,,,,,,
342135,800,0,,,,,,
342136,800,0,,,,,,
342137,800,1,,,,,,
342138,800,1,,,,,,
342139,800,1,,,,,,
342140,800,0,,,,,,
342141,800,1,,,,,,
342142,800,0,,,,,,
342143,800,0,,,,,,
342144,800,0,,,,,,
342145,800,0,,,,,,
342146,800,0,,,,,,
342147,800,0,,,,,,
342148,800,0,,,,,,
342149,800,0,,,,,,
342150,800,0,,,,,,
342151,800,0,,,,,,
342152,800,0,,,,,,
342153,800,0,,,,,,
342154,800,0,,,,,,
342155,800,0,,,,,,
342156,800,0,,,,,,
342157,800,0,,,,,,
342158,800,0,,,,,,
342159,800,0,,,,,,
342160,800,0,,,,,,
342161,800,0,,,,,,
342162,800,0,,,,,,
342163,800,0,,,,,,
342164,800,0,,,,,,
342165,800,0,,,,,,
342166,800,0,,,,,,
342167,800,0,,,,,,
342168,800,0,,,,,,
342169,800,0,,,,,,
342170,800,0,,,,,,
342171,800,0,,,,,,
342172,800,0,,,,,,
342173,800,0,,,,,,
342174,800,0,,,,,,
342175,800,1,,,,,,
342176,800,0,,,,,,
342177,800,0,,,,,,
342178,800,1,,,,,,
342179,800,1,,,,,,
342180,800,1,,,,,,
342181,800,1,,,,,,
342182,800,1,,,,,,
342183,800,1,,,,,,
342184,800,0,,,,,,
342185,800,0,,,,,,
342186,800,0,,,,,,
342187,800,1,,,,,,
342188,800,0,,,,,,
342189,800,0,,,,,,
342190,800,0,,,,,,
342191,800,0,,,,,,
342192,800,1,,,,,,
342193,800,0,,,,,,
342194,800,0,,,,,,
342195,800,0,,,,,,
342196,800,0,,,,,,
342197,800,0,,,,,,
342198,800,0,,,,,,
342199,800,0,,,,,,
342200,800,0,,,,,,
342201,800,0,,,,,,
342202,800,0,,,,,,
342203,800,0,,,,,,
342204,800,0,,,,,,
342205,800,0,,,,,,
342206,800,1,,,,,,
342207,800,0,,,,,,
342208,800,1,,,,,,
342209,800,0,,,,,,
342210,800,0,,,,,,
342211,800,0,,,,,,
342212,800,0,,,,,,
342213,800,0,,,,,,
342214,800,0,,,,,,
342215,800,1,,,,,,
342216,800,0,,,,,,
342217,800,0,,,,,,
342218,800,0,,,,,,
342219,800,0,,,,,,
342220,800,0,,,,,,
342221,800,0,,,,,,
342222,800,1,,,,,,
342223,800,0,,,,,,
342224,800,0,,,,,,
342225,800,0,,,,,,
342226,800,0,,,,,,
342227,800,0,,,,,,
342228,800,0,,,,,,
342229,800,0,,,,,,
342230,800,0,,,,,,
342231,800,0,,,,,,
342232,800,0,,,,,,
342233,800,0,,,,,,
342234,800,1,,,,,,
342235,800,0,,,,,,
342236,800,0,,,,,,
342237,800,0,,,,,,
342238,800,0,,,,,,
342239,800,0,,,,,,
342240,800,0,,,,,,
342241,800,0,,,,,,
342242,800,1,,,,,,
342243,800,0,,,,,,
342244,800,0,,,,,,
342245,800,0,,,,,,
342246,800,0,,,,,,
342247,800,0,,,,,,
342248,800,1,,,,,,
342249,800,1,,,,,,
342250,800,1,,,,,,
342251,800,0,,,,,,
342252,800,0,,,,,,
342253,800,0,,,,,,
342254,800,0,,,,,,
342255,800,1,,,,,,
342256,800,0,,,,,,
342257,800,1,,,,,,
342258,800,1,,,,,,
342259,800,0,,,,,,
342260,800,0,,,,,,
342261,800,0,,,,,,
342262,800,0,,,,,,
342263,800,0,,,,,,
342264,800,1,,,,,,
342265,800,0,,,,,,
342266,800,1,,,,,,
342267,800,1,,,,,,
342268,800,1,,,,,,
342269,800,1,,,,,,
342270,800,0,,,,,,
342271,800,1,,,,,,
342272,800,1,,,,,,
342273,800,0,,,,,,
342274,800,1,,,,,,
342275,800,1,,,,,,
342276,800,0,,,,,,
342277,800,1,,,,,,
342278,800,0,,,,,,
342279,800,0,,,,,,
342280,800,0,,,,,,
342281,800,0,,,,,,
342282,800,0,,,,,,
342283,800,0,,,,,,
342284,800,1,,,,,,
342285,800,1,,,,,,
342286,800,1,,,,,,
342287,800,0,,,,,,
342288,800,1,,,,,,
342289,800,0,,,,,,
342290,800,0,,,,,,
342291,800,0,,,,,,
342292,800,0,,,,,,
342293,800,0,,,,,,
342294,800,0,,,,,,
342295,800,0,,,,,,
342296,800,0,,,,,,
342297,800,1,,,,,,
342298,800,1,,,,,,
342299,800,1,,,,,,
342300,800,0,,,,,,
342301,800,0,,,,,,
342302,800,0,,,,,,
342303,800,1,,,,,,
342304,800,0,,,,,,
342305,800,0,,,,,,
342306,800,0,,,,,,
342307,800,0,,,,,,
342308,800,0,,,,,,
342309,800,0,,,,,,
342310,800,0,,,,,,
342311,800,0,,,,,,
342312,800,0,,,,,,
342313,800,0,,,,,,
342314,800,0,,,,,,
342315,800,0,,,,,,
342316,800,0,,,,,,
342317,800,0,,,,,,
342318,800,0,,,,,,
342319,800,0,,,,,,
342320,800,0,,,,,,
342321,800,0,,,,,,
342322,800,0,,,,,,
342323,800,0,,,,,,
342324,800,0,,,,,,
342325,800,0,,,,,,
342326,800,0,,,,,,
342327,800,0,,,,,,
342328,800,0,,,,,,
342329,800,0,,,,,,
342330,800,0,,,,,,
342331,800,0,,,,,,
342332,800,0,,,,,,
342333,800,0,,,,,,
342334,800,0,,,,,,
342335,800,0,,,,,,
342336,800,0,,,,,,
342337,800,0,,,,,,
342338,800,0,,,,,,
342339,800,0,,,,,,
342340,800,0,,,,,,
342341,800,1,,,,,,
342342,800,0,,,,,,
342343,800,1,,,,,,
342344,800,0,,,,,,
342345,800,1,,,,,,
342346,800,1,,,,,,
342347,800,0,,,,,,
342348,800,1,,,,,,
342349,800,1,,,,,,
342350,800,1,,,,,,
342351,800,0,,,,,,
342352,800,0,,,,,,
342353,800,0,,,,,,
342354,800,0,,,,,,
342355,800,0,,,,,,
342356,800,0,,,,,,
342357,800,0,,,,,,
342358,800,0,,,,,,
342359,800,0,,,,,,
342360,800,1,,,,,,
342361,800,1,,,,,,
342362,800,0,,,,,,
342363,800,1,,,,,,
342364,800,0,,,,,,
342365,800,1,,,,,,
342366,800,0,,,,,,
342367,800,1,,,,,,
342368,800,1,,,,,,
342369,800,0,,,,,,
342370,800,0,,,,,,
342371,800,0,,,,,,
342372,800,1,,,,,,
342373,800,0,,,,,,
342374,800,0,,,,,,
342375,800,1,,,,,,
342376,800,0,,,,,,
342377,800,0,,,,,,
342378,800,1,,,,,,
342379,800,0,,,,,,
342380,800,0,,,,,,
342381,800,1,,,,,,
342382,800,0,,,,,,
342383,800,0,,,,,,
342384,800,1,,,,,,
342385,800,1,,,,,,
342386,800,1,,,,,,
342387,800,0,,,,,,
342388,800,0,,,,,,
342389,800,0,,,,,,
342390,800,0,,,,,,
342391,800,0,,,,,,
342392,800,0,,,,,,
342393,800,0,,,,,,
342394,800,0,,,,,,
342395,800,1,,,,,,
342396,800,0,,,,,,
342397,800,1,,,,,,
342398,800,0,,,,,,
342399,800,0,,,,,,
342400,800,0,,,,,,
342401,800,1,,,,,,
342402,800,1,,,,,,
342403,800,1,,,,,,
342404,800,0,,,,,,
342405,800,0,,,,,,
342406,800,0,,,,,,
342407,800,0,,,,,,
342408,800,1,,,,,,
342409,800,0,,,,,,
342410,800,1,,,,,,
342411,800,1,,,,,,
342412,800,0,,,,,,
342413,800,0,,,,,,
342414,800,1,,,,,,
342415,800,1,,,,,,
342416,800,1,,,,,,
342417,800,0,,,,,,
342418,800,1,,,,,,
342419,800,1,,,,,,
342420,800,0,,,,,,
342421,800,0,,,,,,
342422,800,0,,,,,,
342423,800,0,,,,,,
342424,800,0,,,,,,
342425,800,0,,,,,,
342426,800,0,,,,,,
342427,800,0,,,,,,
342428,800,0,,,,,,
342429,800,0,,,,,,
342430,800,0,,,,,,
342431,800,0,,,,,,
342432,800,0,,,,,,
342433,800,0,,,,,,
342434,800,1,,,,,,
342435,800,0,,,,,,
342436,800,0,,,,,,
342437,800,1,,,,,,
342438,800,0,,,,,,
342439,800,1,,,,,,
342440,800,1,,,,,,
342441,800,0,,,,,,
342442,800,0,,,,,,
342443,800,1,,,,,,
342444,800,1,,,,,,
342445,800,1,,,,,,
342446,800,1,,,,,,
342447,800,1,,,,,,
342448,800,0,,,,,,
342449,800,1,,,,,,
342450,800,0,,,,,,
342451,800,0,,,,,,
342452,800,0,,,,,,
342453,800,0,,,,,,
342454,800,0,,,,,,
342455,800,1,,,,,,
342456,800,1,,,,,,
342457,800,1,,,,,,
342458,800,1,,,,,,
342459,800,1,,,,,,
342460,800,1,,,,,,
342461,800,0,,,,,,
342462,800,1,,,,,,
342463,800,1,,,,,,
342464,800,1,,,,,,
342465,800,1,,,,,,
342466,800,0,,,,,,
342467,800,0,,,,,,
342468,800,0,,,,,,
342469,800,0,,,,,,
342470,800,0,,,,,,
342471,800,0,,,,,,
342472,800,1,,,,,,
342473,800,1,,,,,,
342474,800,0,,,,,,
342475,800,0,,,,,,
342476,800,0,,,,,,
342477,800,0,,,,,,
342478,800,0,,,,,,
342479,800,0,,,,,,
342480,800,0,,,,,,
342481,800,0,,,,,,
342482,800,0,,,,,,
342483,800,0,,,,,,
342484,800,0,,,,,,
342485,800,0,,,,,,
342486,800,0,,,,,,
342487,800,1,,,,,,
342488,800,0,,,,,,
342489,800,0,,,,,,
342490,800,1,,,,,,
342491,800,0,,,,,,
342492,800,1,,,,,,
342493,800,0,,,,,,
342494,800,0,,,,,,
342495,800,0,,,,,,
342496,800,1,,,,,,
342497,800,1,,,,,,
342498,800,1,,,,,,
342499,800,0,,,,,,
342500,800,1,,,,,,
342501,800,0,,,,,,
342502,800,0,,,,,,
342503,800,0,,,,,,
342504,800,0,,,,,,
342505,800,0,,,,,,
342506,800,1,,,,,,
342507,800,1,,,,,,
342508,800,0,,,,,,
342509,800,0,,,,,,
342510,800,0,,,,,,
342511,800,0,,,,,,
342512,800,0,,,,,,
342513,800,0,,,,,,
342514,800,0,,,,,,
342515,800,0,,,,,,
342516,800,1,,,,,,
342517,800,0,,,,,,
342518,800,0,,,,,,
342519,800,0,,,,,,
342520,800,0,,,,,,
342521,800,0,,,,,,
342522,800,0,,,,,,
342523,800,0,,,,,,
342524,800,0,,,,,,
342525,800,0,,,,,,
342526,800,0,,,,,,
342527,800,0,,,,,,
342528,800,0,,,,,,
342529,800,0,,,,,,
342530,800,0,,,,,,
342531,800,0,,,,,,
342532,800,0,,,,,,
342533,800,0,,,,,,
342534,800,0,,,,,,
342535,800,0,,,,,,
342536,800,1,,,,,,
342537,800,1,,,,,,
342538,800,1,,,,,,
342539,800,0,,,,,,
342540,800,0,,,,,,
342541,800,1,,,,,,
342542,800,0,,,,,,
342543,800,0,,,,,,
342544,800,1,,,,,,
342545,800,1,,,,,,
342546,800,0,,,,,,
342547,800,0,,,,,,
342548,800,1,,,,,,
342549,800,0,,,,,,
342550,800,1,,,,,,
342551,800,0,,,,,,
342552,800,0,,,,,,
342553,800,0,,,,,,
342554,800,0,,,,,,
342555,800,0,,,,,,
342556,800,0,,,,,,
342557,800,0,,,,,,
342558,800,0,,,,,,
342559,800,0,,,,,,
342560,800,0,,,,,,
342561,800,1,,,,,,
342562,800,0,,,,,,
342563,800,1,,,,,,
342564,800,0,,,,,,
342565,800,0,,,,,,
342566,800,1,,,,,,
342567,800,0,,,,,,
342568,800,0,,,,,,
342569,800,0,,,,,,
342570,800,0,,,,,,
342571,800,0,,,,,,
342572,800,0,,,,,,
342573,800,0,,,,,,
342574,800,0,,,,,,
342575,800,0,,,,,,
342576,800,1,,,,,,
342577,800,0,,,,,,
342578,800,0,,,,,,
342579,800,0,,,,,,
342580,800,0,,,,,,
342581,800,1,,,,,,
342582,800,0,,,,,,
342583,800,0,,,,,,
342584,800,0,,,,,,
342585,800,0,,,,,,
342586,800,0,,,,,,
342587,800,1,,,,,,
342588,800,0,,,,,,
342589,800,0,,,,,,
342590,800,0,,,,,,
342591,800,0,,,,,,
342592,800,0,,,,,,
342593,800,0,,,,,,
342594,800,0,,,,,,
342595,800,0,,,,,,
342596,800,0,,,,,,
342597,800,0,,,,,,
342598,800,0,,,,,,
342599,800,0,,,,,,
342600,800,0,,,,,,
342601,800,0,,,,,,
342602,800,0,,,,,,
342603,800,0,,,,,,
342604,800,0,,,,,,
342605,800,0,,,,,,
342606,800,0,,,,,,
342607,800,0,,,,,,
342608,800,0,,,,,,
342609,800,0,,,,,,
342610,800,0,,,,,,
342611,800,0,,,,,,
342612,800,0,,,,,,
342613,800,0,,,,,,
342614,800,0,,,,,,
342615,800,0,,,,,,
342616,800,0,,,,,,
342617,800,1,,,,,,
342618,800,0,,,,,,
342619,800,1,,,,,,
342620,800,0,,,,,,
342621,800,1,,,,,,
342622,800,0,,,,,,
342623,800,0,,,,,,
342624,800,0,,,,,,
342625,800,1,,,,,,
342626,800,0,,,,,,
342627,800,0,,,,,,
342628,800,0,,,,,,
342629,800,1,,,,,,
342630,800,0,,,,,,
342631,800,0,,,,,,
342632,800,0,,,,,,
342633,800,0,,,,,,
342634,800,0,,,,,,
342635,800,1,,,,,,
342636,800,0,,,,,,
342637,800,0,,,,,,
342638,800,0,,,,,,
342639,800,1,,,,,,
342640,800,0,,,,,,
342641,800,1,,,,,,
342642,800,1,,,,,,
342643,800,0,,,,,,
342644,800,0,,,,,,
342645,800,0,,,,,,
342646,800,0,,,,,,
342647,800,0,,,,,,
342648,800,0,,,,,,
342649,800,0,,,,,,
342650,800,0,,,,,,
342651,800,0,,,,,,
342652,800,0,,,,,,
342653,800,0,,,,,,
342654,800,0,,,,,,
342655,800,0,,,,,,
342656,800,0,,,,,,
342657,800,0,,,,,,
342658,800,0,,,,,,
342659,800,0,,,,,,
342660,800,0,,,,,,
342661,800,0,,,,,,
342662,800,0,,,,,,
342663,800,0,,,,,,
342664,800,0,,,,,,
342665,800,0,,,,,,
342666,800,0,,,,,,
342667,800,0,,,,,,
342668,800,0,,,,,,
342669,800,0,,,,,,
342670,800,0,,,,,,
342671,800,0,,,,,,
342672,800,0,,,,,,
342673,800,0,,,,,,
342674,800,0,,,,,,
342675,800,0,,,,,,
342676,800,0,,,,,,
342677,800,0,,,,,,
342678,800,0,,,,,,
342679,800,0,,,,,,
342680,800,0,,,,,,
342681,800,0,,,,,,
342682,800,0,,,,,,
342683,800,0,,,,,,
342684,800,0,,,,,,
342685,800,0,,,,,,
342686,800,0,,,,,,
342687,800,0,,,,,,
342688,800,0,,,,,,
342689,800,1,,,,,,
342690,800,1,,,,,,
342691,800,0,,,,,,
342692,800,1,,,,,,
342693,800,1,,,,,,
342694,800,1,,,,,,
342695,800,1,,,,,,
342696,800,0,,,,,,
342697,800,0,,,,,,
342698,800,0,,,,,,
342699,800,0,,,,,,
342700,800,0,,,,,,
342701,800,1,,,,,,
342702,800,0,,,,,,
342703,800,0,,,,,,
342704,800,0,,,,,,
342705,800,0,,,,,,
342706,800,0,,,,,,
342707,800,1,,,,,,
342708,800,1,,,,,,
342709,800,0,,,,,,
342710,800,1,,,,,,
342711,800,1,,,,,,
342712,800,1,,,,,,
342713,800,1,,,,,,
342714,800,0,,,,,,
342715,800,1,,,,,,
342716,800,0,,,,,,
342717,800,1,,,,,,
342718,800,1,,,,,,
342719,800,1,,,,,,
342720,800,1,,,,,,
342721,800,0,,,,,,
342722,800,0,,,,,,
342723,800,1,,,,,,
342724,800,0,,,,,,
342725,800,0,,,,,,
342726,800,0,,,,,,
342727,800,0,,,,,,
342728,800,0,,,,,,
342729,800,0,,,,,,
342730,800,0,,,,,,
342731,800,0,,,,,,
342732,800,0,,,,,,
342733,800,0,,,,,,
342734,800,0,,,,,,
342735,800,0,,,,,,
342736,800,0,,,,,,
342737,800,0,,,,,,
342738,800,0,,,,,,
342739,800,0,,,,,,
342740,800,0,,,,,,
342741,800,0,,,,,,
342742,800,0,,,,,,
342743,800,0,,,,,,
342744,800,0,,,,,,
342745,800,0,,,,,,
342746,800,0,,,,,,
342747,800,0,,,,,,
342748,800,0,,,,,,
342749,800,0,,,,,,
342750,800,0,,,,,,
342751,800,0,,,,,,
342752,800,0,,,,,,
342753,800,0,,,,,,
342754,800,0,,,,,,
342755,800,0,,,,,,
342756,800,0,,,,,,
342757,800,0,,,,,,
342758,800,0,,,,,,
342759,800,0,,,,,,
342760,800,0,,,,,,
342761,800,0,,,,,,
342762,800,0,,,,,,
342763,800,0,,,,,,
342764,800,0,,,,,,
342765,800,1,,,,,,
342766,800,0,,,,,,
342767,800,0,,,,,,
342768,800,1,,,,,,
342769,800,1,,,,,,
342770,800,0,,,,,,
342771,800,0,,,,,,
342772,800,0,,,,,,
342773,800,0,,,,,,
342774,800,0,,,,,,
342775,800,0,,,,,,
342776,800,0,,,,,,
342777,800,0,,,,,,
342778,800,0,,,,,,
342779,800,0,,,,,,
342780,800,0,,,,,,
342781,800,1,,,,,,
342782,800,1,,,,,,
342783,800,1,,,,,,
342784,800,0,,,,,,
342785,800,0,,,,,,
342786,800,0,,,,,,
342787,800,1,,,,,,
342788,800,0,,,,,,
342789,800,1,,,,,,
342790,800,0,,,,,,
342791,800,0,,,,,,
342792,800,0,,,,,,
342793,800,1,,,,,,
342794,800,1,,,,,,
342795,800,0,,,,,,
342796,800,0,,,,,,
342797,800,1,,,,,,
342798,800,0,,,,,,
342799,800,0,,,,,,
342800,800,0,,,,,,
342801,800,0,,,,,,
342802,800,0,,,,,,
342803,800,0,,,,,,
342804,800,1,,,,,,
342805,800,0,,,,,,
342806,800,1,,,,,,
342807,800,1,,,,,,
342808,800,0,,,,,,
342809,800,0,,,,,,
342810,800,0,,,,,,
342811,800,1,,,,,,
342812,800,1,,,,,,
342813,800,0,,,,,,
342814,800,0,,,,,,
342815,800,0,,,,,,
342816,800,0,,,,,,
342817,800,0,,,,,,
342818,800,1,,,,,,
342819,800,0,,,,,,
342820,800,1,,,,,,
342821,800,0,,,,,,
342822,800,0,,,,,,
342823,800,0,,,,,,
342824,800,0,,,,,,
342825,800,0,,,,,,
342826,800,0,,,,,,
342827,800,0,,,,,,
342828,800,0,,,,,,
342829,800,0,,,,,,
342830,800,0,,,,,,
342831,800,1,,,,,,
342832,800,1,,,,,,
342833,800,0,,,,,,
342834,800,0,,,,,,
342835,800,0,,,,,,
342836,800,0,,,,,,
342837,800,0,,,,,,
342838,800,0,,,,,,
342839,800,0,,,,,,
342840,800,0,,,,,,
342841,800,0,,,,,,
342842,800,0,,,,,,
342843,800,0,,,,,,
342844,800,0,,,,,,
342845,800,0,,,,,,
342846,800,1,,,,,,
342847,800,0,,,,,,
342848,800,0,,,,,,
342849,800,0,,,,,,
342850,800,0,,,,,,
342851,800,0,,,,,,
342852,800,0,,,,,,
342853,800,0,,,,,,
342854,800,0,,,,,,
342855,800,1,,,,,,
342856,800,0,,,,,,
342857,800,0,,,,,,
342858,800,1,,,,,,
342859,800,0,,,,,,
342860,800,0,,,,,,
342861,800,0,,,,,,
342862,800,0,,,,,,
342863,800,1,,,,,,
342864,800,1,,,,,,
342865,800,0,,,,,,
342866,800,0,,,,,,
342867,800,0,,,,,,
342868,800,0,,,,,,
342869,800,1,,,,,,
342870,800,0,,,,,,
342871,800,0,,,,,,
342872,800,0,,,,,,
342873,800,0,,,,,,
342874,800,0,,,,,,
342875,800,0,,,,,,
342876,800,0,,,,,,
342877,800,0,,,,,,
342878,800,0,,,,,,
342879,800,0,,,,,,
342880,800,0,,,,,,
342881,800,0,,,,,,
342882,800,0,,,,,,
342883,800,1,,,,,,
342884,800,0,,,,,,
342885,800,1,,,,,,
342886,800,0,,,,,,
342887,800,0,,,,,,
342888,800,0,,,,,,
342889,800,0,,,,,,
342890,800,0,,,,,,
342891,800,0,,,,,,
342892,800,0,,,,,,
342893,800,0,,,,,,
342894,800,0,,,,,,
342895,800,0,,,,,,
342896,800,0,,,,,,
342897,800,0,,,,,,
342898,800,0,,,,,,
342899,800,0,,,,,,
342900,800,0,,,,,,
342901,800,0,,,,,,
342902,800,0,,,,,,
342903,800,0,,,,,,
342904,800,0,,,,,,
342905,800,0,,,,,,
342906,800,0,,,,,,
342907,800,0,,,,,,
342908,800,1,,,,,,
342909,800,0,,,,,,
342910,800,0,,,,,,
342911,800,0,,,,,,
342912,800,0,,,,,,
342913,800,0,,,,,,
342914,800,0,,,,,,
342915,800,1,,,,,,
342916,800,0,,,,,,
342917,800,0,,,,,,
342918,800,0,,,,,,
342919,800,0,,,,,,
342920,800,0,,,,,,
342921,800,0,,,,,,
342922,800,0,,,,,,
342923,800,0,,,,,,
342924,800,0,,,,,,
342925,800,0,,,,,,
342926,800,0,,,,,,
342927,800,0,,,,,,
342928,800,0,,,,,,
342929,800,0,,,,,,
342930,800,0,,,,,,
342931,800,0,,,,,,
342932,800,0,,,,,,
342933,800,0,,,,,,
342934,800,0,,,,,,
342935,800,0,,,,,,
342936,800,0,,,,,,
342937,800,0,,,,,,
342938,800,0,,,,,,
342939,800,0,,,,,,
342940,800,0,,,,,,
342941,800,0,,,,,,
342942,800,0,,,,,,
342943,800,0,,,,,,
342944,800,0,,,,,,
342945,800,0,,,,,,
342946,800,0,,,,,,
342947,800,0,,,,,,
342948,800,0,,,,,,
342949,800,0,,,,,,
342950,800,0,,,,,,
342951,800,0,,,,,,
342952,800,0,,,,,,
342953,800,0,,,,,,
342954,800,0,,,,,,
342955,800,0,,,,,,
342956,800,0,,,,,,
342957,800,0,,,,,,
342958,800,0,,,,,,
342959,800,0,,,,,,
342960,800,0,,,,,,
342961,800,1,,,,,,
342962,800,0,,,,,,
342963,800,0,,,,,,
342964,800,1,,,,,,
342965,800,1,,,,,,
342966,800,0,,,,,,
342967,800,0,,,,,,
342968,800,0,,,,,,
342969,800,0,,,,,,
342970,800,0,,,,,,
342971,800,0,,,,,,
342972,800,0,,,,,,
342973,800,0,,,,,,
342974,800,0,,,,,,
342975,800,0,,,,,,
342976,800,0,,,,,,
342977,800,0,,,,,,
342978,800,0,,,,,,
342979,800,0,,,,,,
342980,800,0,,,,,,
342981,800,0,,,,,,
342982,800,0,,,,,,
342983,800,0,,,,,,
342984,800,0,,,,,,
342985,800,0,,,,,,
342986,800,0,,,,,,
342987,800,0,,,,,,
342988,800,0,,,,,,
342989,800,0,,,,,,
342990,800,0,,,,,,
342991,800,1,,,,,,
342992,800,1,,,,,,
342993,800,0,,,,,,
342994,800,0,,,,,,
342995,800,0,,,,,,
342996,800,0,,,,,,
342997,800,0,,,,,,
342998,800,0,,,,,,
342999,800,0,,,,,,
343000,800,1,,,,,,
343001,800,1,,,,,,
343002,800,0,,,,,,
343003,800,0,,,,,,
343004,800,0,,,,,,
343005,800,0,,,,,,
343006,800,1,,,,,,
343007,800,1,,,,,,
343008,800,0,,,,,,
343009,800,0,,,,,,
343010,800,0,,,,,,
343011,800,0,,,,,,
343012,800,1,,,,,,
343013,800,1,,,,,,
343014,800,0,,,,,,
343015,800,1,,,,,,
343016,800,1,,,,,,
343017,800,0,,,,,,
343018,800,0,,,,,,
343019,800,0,,,,,,
343020,800,1,,,,,,
343021,800,0,,,,,,
343022,800,0,,,,,,
343023,800,0,,,,,,
343024,800,0,,,,,,
343025,800,0,,,,,,
343026,800,0,,,,,,
343027,800,0,,,,,,
343028,800,0,,,,,,
343029,800,0,,,,,,
343030,800,0,,,,,,
343031,800,0,,,,,,
343032,800,0,,,,,,
343033,800,0,,,,,,
343034,800,1,,,,,,
343035,800,1,,,,,,
343036,800,0,,,,,,
343037,800,0,,,,,,
343038,800,0,,,,,,
343039,800,0,,,,,,
343040,800,0,,,,,,
343041,800,0,,,,,,
343042,800,0,,,,,,
343043,800,0,,,,,,
343044,800,0,,,,,,
343045,800,0,,,,,,
343046,800,0,,,,,,
343047,800,0,,,,,,
343048,800,0,,,,,,
343049,800,0,,,,,,
343050,800,0,,,,,,
343051,800,0,,,,,,
343052,800,0,,,,,,
343053,800,0,,,,,,
343054,800,0,,,,,,
343055,800,0,,,,,,
343056,800,1,,,,,,
343057,800,1,,,,,,
343058,800,0,,,,,,
343059,800,0,,,,,,
343060,800,0,,,,,,
343061,800,0,,,,,,
343062,800,0,,,,,,
343063,800,0,,,,,,
343064,800,0,,,,,,
343065,800,0,,,,,,
343066,800,1,,,,,,
343067,800,0,,,,,,
343068,800,1,,,,,,
343069,800,1,,,,,,
343070,800,1,,,,,,
343071,800,0,,,,,,
343072,800,0,,,,,,
343073,800,0,,,,,,
343074,800,0,,,,,,
343075,800,0,,,,,,
343076,800,1,,,,,,
343077,800,0,,,,,,
343078,800,0,,,,,,
343079,800,0,,,,,,
343080,800,0,,,,,,
343081,800,0,,,,,,
343082,800,0,,,,,,
343083,800,1,,,,,,
343084,800,1,,,,,,
343085,800,0,,,,,,
343086,800,0,,,,,,
343087,800,0,,,,,,
343088,800,0,,,,,,
343089,800,0,,,,,,
343090,800,0,,,,,,
343091,800,0,,,,,,
343092,800,0,,,,,,
343093,800,0,,,,,,
343094,800,0,,,,,,
343095,800,0,,,,,,
343096,800,0,,,,,,
343097,800,0,,,,,,
343098,800,1,,,,,,
343099,800,1,,,,,,
343100,800,0,,,,,,
343101,800,1,,,,,,
343102,800,0,,,,,,
343103,800,0,,,,,,
343104,800,0,,,,,,
343105,800,0,,,,,,
343106,800,0,,,,,,
343107,800,0,,,,,,
343108,800,0,,,,,,
343109,800,0,,,,,,
343110,800,0,,,,,,
343111,800,0,,,,,,
343112,800,1,,,,,,
343113,800,0,,,,,,
343114,800,1,,,,,,
343115,800,1,,,,,,
343116,800,1,,,,,,
343117,800,0,,,,,,
343118,800,1,,,,,,
343119,800,0,,,,,,
343120,800,1,,,,,,
343121,800,0,,,,,,
343122,800,0,,,,,,
343123,800,0,,,,,,
343124,800,0,,,,,,
343125,800,0,,,,,,
343126,800,0,,,,,,
343127,800,0,,,,,,
343128,800,0,,,,,,
343129,800,0,,,,,,
343130,800,0,,,,,,
343131,800,0,,,,,,
343132,800,0,,,,,,
343133,800,0,,,,,,
343134,800,0,,,,,,
343135,800,0,,,,,,
343136,800,0,,,,,,
343137,800,0,,,,,,
343138,800,0,,,,,,
343139,800,0,,,,,,
343140,800,0,,,,,,
343141,800,0,,,,,,
343142,800,0,,,,,,
343143,800,0,,,,,,
343144,800,0,,,,,,
343145,800,0,,,,,,
343146,800,0,,,,,,
343147,800,0,,,,,,
343148,800,0,,,,,,
343149,800,1,,,,,,
343150,800,1,,,,,,
343151,800,1,,,,,,
343152,800,0,,,,,,
343153,800,0,,,,,,
343154,800,0,,,,,,
343155,800,0,,,,,,
343156,800,0,,,,,,
343157,800,0,,,,,,
343158,800,0,,,,,,
343159,800,0,,,,,,
343160,800,0,,,,,,
343161,800,1,,,,,,
343162,800,0,,,,,,
343163,800,1,,,,,,
343164,800,1,,,,,,
343165,800,1,,,,,,
343166,800,0,,,,,,
343167,800,0,,,,,,
343168,800,0,,,,,,
343169,800,1,,,,,,
343170,800,0,,,,,,
343171,800,0,,,,,,
343172,800,0,,,,,,
343173,800,0,,,,,,
343174,800,0,,,,,,
343175,800,1,,,,,,
343176,800,0,,,,,,
343177,800,0,,,,,,
343178,800,0,,,,,,
343179,800,0,,,,,,
343180,800,0,,,,,,
343181,800,1,,,,,,
343182,800,0,,,,,,
343183,800,0,,,,,,
343184,800,1,,,,,,
343185,800,0,,,,,,
343186,800,1,,,,,,
343187,800,0,,,,,,
343188,800,1,,,,,,
343189,800,1,,,,,,
343190,800,0,,,,,,
343191,800,0,,,,,,
343192,800,0,,,,,,
343193,800,0,,,,,,
343194,800,0,,,,,,
343195,800,0,,,,,,
343196,800,0,,,,,,
343197,800,0,,,,,,
343198,800,0,,,,,,
343199,800,0,,,,,,
343200,800,0,,,,,,
343201,800,0,,,,,,
343202,800,1,,,,,,
343203,800,0,,,,,,
343204,800,1,,,,,,
343205,800,0,,,,,,
343206,800,0,,,,,,
343207,800,0,,,,,,
343208,800,0,,,,,,
343209,800,0,,,,,,
343210,800,0,,,,,,
343211,800,0,,,,,,
343212,800,0,,,,,,
343213,800,0,,,,,,
343214,800,0,,,,,,
343215,800,0,,,,,,
343216,800,0,,,,,,
343217,800,0,,,,,,
343218,800,0,,,,,,
343219,800,0,,,,,,
343220,800,0,,,,,,
343221,800,1,,,,,,
343222,800,0,,,,,,
343223,800,0,,,,,,
343224,800,0,,,,,,
343225,800,0,,,,,,
343226,800,0,,,,,,
343227,800,0,,,,,,
343228,800,0,,,,,,
343229,800,1,,,,,,
343230,800,0,,,,,,
343231,800,0,,,,,,
343232,800,0,,,,,,
343233,800,0,,,,,,
343234,800,0,,,,,,
343235,800,0,,,,,,
343236,800,1,,,,,,
343237,800,0,,,,,,
343238,800,0,,,,,,
343239,800,0,,,,,,
343240,800,0,,,,,,
343241,800,0,,,,,,
343242,800,0,,,,,,
343243,800,0,,,,,,
343244,800,0,,,,,,
343245,800,0,,,,,,
343246,800,0,,,,,,
343247,800,0,,,,,,
343248,800,0,,,,,,
343249,800,0,,,,,,
343250,800,0,,,,,,
343251,800,0,,,,,,
343252,800,0,,,,,,
343253,800,0,,,,,,
343254,800,0,,,,,,
343255,800,0,,,,,,
343256,800,0,,,,,,
343257,800,0,,,,,,
343258,800,0,,,,,,
343259,800,0,,,,,,
343260,800,0,,,,,,
343261,800,0,,,,,,
343262,800,0,,,,,,
343263,800,0,,,,,,
343264,800,0,,,,,,
343265,800,0,,,,,,
343266,800,0,,,,,,
343267,800,0,,,,,,
343268,800,0,,,,,,
343269,800,0,,,,,,
343270,800,0,,,,,,
343271,800,0,,,,,,
343272,800,0,,,,,,
343273,800,0,,,,,,
343274,800,0,,,,,,
343275,800,0,,,,,,
343276,800,0,,,,,,
343277,800,0,,,,,,
343278,800,0,,,,,,
343279,800,0,,,,,,
343280,800,0,,,,,,
343281,800,0,,,,,,
343282,800,0,,,,,,
343283,800,0,,,,,,
343284,800,0,,,,,,
343285,800,0,,,,,,
343286,800,0,,,,,,
343287,800,0,,,,,,
343288,800,0,,,,,,
343289,800,0,,,,,,
343290,800,0,,,,,,
343291,800,0,,,,,,
343292,800,0,,,,,,
343293,800,0,,,,,,
343294,800,0,,,,,,
343295,800,0,,,,,,
343296,800,0,,,,,,
343297,800,0,,,,,,
343298,800,0,,,,,,
343299,800,0,,,,,,
343300,800,0,,,,,,
343301,800,0,,,,,,
343302,800,0,,,,,,
343303,800,0,,,,,,
343304,800,0,,,,,,
343305,800,0,,,,,,
343306,800,0,,,,,,
343307,800,0,,,,,,
343308,800,0,,,,,,
343309,800,0,,,,,,
343310,800,0,,,,,,
343311,800,0,,,,,,
343312,800,0,,,,,,
343313,800,0,,,,,,
343314,800,0,,,,,,
343315,800,0,,,,,,
343316,800,0,,,,,,
343317,800,0,,,,,,
343318,800,0,,,,,,
343319,800,0,,,,,,
343320,800,1,,,,,,
343321,800,0,,,,,,
343322,800,0,,,,,,
343323,800,1,,,,,,
343324,800,1,,,,,,
343325,800,0,,,,,,
343326,800,0,,,,,,
343327,800,0,,,,,,
343328,800,0,,,,,,
343329,800,0,,,,,,
343330,800,0,,,,,,
343331,800,0,,,,,,
343332,800,0,,,,,,
343333,800,0,,,,,,
343334,800,0,,,,,,
343335,800,0,,,,,,
343336,800,0,,,,,,
343337,800,0,,,,,,
343338,800,0,,,,,,
343339,800,0,,,,,,
343340,800,0,,,,,,
343341,800,0,,,,,,
343342,800,0,,,,,,
343343,800,1,,,,,,
343344,800,0,,,,,,
343345,800,0,,,,,,
343346,800,1,,,,,,
343347,800,0,,,,,,
343348,800,0,,,,,,
343349,800,1,,,,,,
343350,800,0,,,,,,
343351,800,0,,,,,,
343352,800,1,,,,,,
343353,800,0,,,,,,
343354,800,1,,,,,,
343355,800,1,,,,,,
343356,800,1,,,,,,
343357,800,1,,,,,,
343358,800,1,,,,,,
343359,800,0,,,,,,
343360,800,1,,,,,,
343361,800,1,,,,,,
343362,800,0,,,,,,
343363,800,0,,,,,,
343364,800,0,,,,,,
343365,800,0,,,,,,
343366,800,0,,,,,,
343367,800,0,,,,,,
343368,800,0,,,,,,
343369,800,0,,,,,,
343370,800,1,,,,,,
343371,800,0,,,,,,
343372,800,1,,,,,,
343373,800,0,,,,,,
343374,800,0,,,,,,
343375,800,0,,,,,,
343376,800,0,,,,,,
343377,800,0,,,,,,
343378,800,0,,,,,,
343379,800,0,,,,,,
343380,800,0,,,,,,
343381,800,0,,,,,,
343382,800,0,,,,,,
343383,800,0,,,,,,
343384,800,0,,,,,,
343385,800,0,,,,,,
343386,800,0,,,,,,
343387,800,0,,,,,,
343388,800,1,,,,,,
343389,800,0,,,,,,
343390,800,0,,,,,,
343391,800,0,,,,,,
343392,800,0,,,,,,
343393,800,0,,,,,,
343394,800,0,,,,,,
343395,800,0,,,,,,
343396,800,0,,,,,,
343397,800,0,,,,,,
343398,800,0,,,,,,
343399,800,1,,,,,,
343400,800,0,,,,,,
343401,800,1,,,,,,
343402,800,1,,,,,,
343403,800,0,,,,,,
343404,800,0,,,,,,
343405,800,0,,,,,,
343406,800,0,,,,,,
343407,800,0,,,,,,
343408,800,1,,,,,,
343409,800,1,,,,,,
343410,800,1,,,,,,
343411,800,0,,,,,,
343412,800,0,,,,,,
343413,800,1,,,,,,
343414,800,0,,,,,,
343415,800,1,,,,,,
343416,800,0,,,,,,
343417,800,1,,,,,,
343418,800,1,,,,,,
343419,800,0,,,,,,
343420,800,0,,,,,,
343421,800,1,,,,,,
343422,800,1,,,,,,
343423,800,0,,,,,,
343424,800,1,,,,,,
343425,800,1,,,,,,
343426,800,0,,,,,,
343427,800,0,,,,,,
343428,800,0,,,,,,
343429,800,1,,,,,,
343430,800,0,,,,,,
343431,800,0,,,,,,
343432,800,1,,,,,,
343433,800,0,,,,,,
343434,800,0,,,,,,
343435,800,0,,,,,,
343436,800,0,,,,,,
343437,800,0,,,,,,
343438,800,1,,,,,,
343439,800,0,,,,,,
343440,800,0,,,,,,
343441,800,1,,,,,,
343442,800,1,,,,,,
343443,800,0,,,,,,
343444,800,1,,,,,,
343445,800,0,,,,,,
343446,800,0,,,,,,
343447,800,0,,,,,,
343448,800,0,,,,,,
343449,800,0,,,,,,
343450,800,0,,,,,,
343451,800,0,,,,,,
343452,800,0,,,,,,
343453,800,0,,,,,,
343454,800,0,,,,,,
343455,800,0,,,,,,
343456,800,0,,,,,,
343457,800,0,,,,,,
343458,800,0,,,,,,
343459,800,1,,,,,,
343460,800,0,,,,,,
343461,800,0,,,,,,
343462,800,0,,,,,,
343463,800,0,,,,,,
343464,800,0,,,,,,
343465,800,0,,,,,,
343466,800,0,,,,,,
343467,800,0,,,,,,
343468,800,0,,,,,,
343469,800,0,,,,,,
343470,800,0,,,,,,
343471,800,0,,,,,,
343472,800,0,,,,,,
343473,800,0,,,,,,
343474,800,0,,,,,,
343475,800,0,,,,,,
343476,800,0,,,,,,
343477,800,0,,,,,,
343478,800,0,,,,,,
343479,800,1,,,,,,
343480,800,0,,,,,,
343481,800,0,,,,,,
343482,800,0,,,,,,
343483,800,0,,,,,,
343484,800,0,,,,,,
343485,800,0,,,,,,
343486,800,0,,,,,,
343487,800,0,,,,,,
343488,800,0,,,,,,
343489,800,0,,,,,,
343490,800,0,,,,,,
343491,800,0,,,,,,
343492,800,0,,,,,,
343493,800,0,,,,,,
343494,800,0,,,,,,
343495,800,0,,,,,,
343496,800,0,,,,,,
343497,800,0,,,,,,
343498,800,0,,,,,,
343499,800,0,,,,,,
343500,800,0,,,,,,
343501,800,0,,,,,,
343502,800,0,,,,,,
343503,800,0,,,,,,
343504,800,0,,,,,,
343505,800,0,,,,,,
343506,800,0,,,,,,
343507,800,0,,,,,,
343508,800,0,,,,,,
343509,800,0,,,,,,
343510,800,0,,,,,,
343511,800,0,,,,,,
343512,800,0,,,,,,
343513,800,0,,,,,,
343514,800,0,,,,,,
343515,800,0,,,,,,
343516,800,0,,,,,,
343517,800,0,,,,,,
343518,800,0,,,,,,
343519,800,0,,,,,,
343520,800,0,,,,,,
343521,800,0,,,,,,
343522,800,0,,,,,,
343523,800,0,,,,,,
343524,800,0,,,,,,
343525,800,1,,,,,,
343526,800,1,,,,,,
343527,800,0,,,,,,
343528,800,0,,,,,,
343529,800,0,,,,,,
343530,800,0,,,,,,
343531,800,1,,,,,,
343532,800,1,,,,,,
343533,800,0,,,,,,
343534,800,0,,,,,,
343535,800,1,,,,,,
343536,800,0,,,,,,
343537,800,0,,,,,,
343538,800,0,,,,,,
343539,800,0,,,,,,
343540,800,0,,,,,,
343541,800,0,,,,,,
343542,800,1,,,,,,
343543,800,0,,,,,,
343544,800,0,,,,,,
343545,800,0,,,,,,
343546,800,0,,,,,,
343547,800,0,,,,,,
343548,800,0,,,,,,
343549,800,0,,,,,,
343550,800,0,,,,,,
343551,800,0,,,,,,
343552,800,0,,,,,,
343553,800,0,,,,,,
343554,800,1,,,,,,
343555,800,0,,,,,,
343556,800,0,,,,,,
343557,800,0,,,,,,
343558,800,1,,,,,,
343559,800,0,,,,,,
343560,800,1,,,,,,
343561,800,1,,,,,,
343562,800,1,,,,,,
343563,800,0,,,,,,
343564,800,0,,,,,,
343565,800,0,,,,,,
343566,800,0,,,,,,
343567,800,1,,,,,,
343568,800,1,,,,,,
343569,800,1,,,,,,
343570,800,0,,,,,,
343571,800,0,,,,,,
343572,800,0,,,,,,
343573,800,0,,,,,,
343574,800,1,,,,,,
343575,800,0,,,,,,
343576,800,1,,,,,,
343577,800,0,,,,,,
343578,800,0,,,,,,
343579,800,0,,,,,,
343580,800,0,,,,,,
343581,800,0,,,,,,
343582,800,0,,,,,,
343583,800,0,,,,,,
343584,800,0,,,,,,
343585,800,0,,,,,,
343586,800,0,,,,,,
343587,800,0,,,,,,
343588,800,0,,,,,,
343589,800,0,,,,,,
343590,800,0,,,,,,
343591,800,0,,,,,,
343592,800,0,,,,,,
343593,800,0,,,,,,
343594,800,0,,,,,,
343595,800,0,,,,,,
343596,800,0,,,,,,
343597,800,0,,,,,,
343598,800,0,,,,,,
343599,800,0,,,,,,
343600,800,0,,,,,,
343601,800,0,,,,,,
343602,800,0,,,,,,
343603,800,0,,,,,,
343604,800,0,,,,,,
343605,800,0,,,,,,
343606,800,1,,,,,,
343607,800,1,,,,,,
343608,800,1,,,,,,
343609,800,0,,,,,,
343610,800,1,,,,,,
343611,800,1,,,,,,
343612,800,0,,,,,,
343613,800,1,,,,,,
343614,800,1,,,,,,
343615,800,0,,,,,,
343616,800,0,,,,,,
343617,800,0,,,,,,
343618,800,0,,,,,,
343619,800,0,,,,,,
343620,800,1,,,,,,
343621,800,1,,,,,,
343622,800,0,,,,,,
343623,800,0,,,,,,
343624,800,0,,,,,,
343625,800,0,,,,,,
343626,800,0,,,,,,
343627,800,0,,,,,,
343628,800,1,,,,,,
343629,800,0,,,,,,
343630,800,0,,,,,,
343631,800,1,,,,,,
343632,800,1,,,,,,
343633,800,1,,,,,,
343634,800,0,,,,,,
343635,800,1,,,,,,
343636,800,0,,,,,,
343637,800,0,,,,,,
343638,800,0,,,,,,
343639,800,0,,,,,,
343640,800,1,,,,,,
343641,800,1,,,,,,
343642,800,1,,,,,,
343643,800,1,,,,,,
343644,800,1,,,,,,
343645,800,1,,,,,,
343646,800,1,,,,,,
343647,800,1,,,,,,
343648,800,1,,,,,,
343649,800,1,,,,,,
343650,800,0,,,,,,
343651,800,0,,,,,,
343652,800,0,,,,,,
343653,800,0,,,,,,
343654,800,0,,,,,,
343655,800,0,,,,,,
343656,800,0,,,,,,
343657,800,1,,,,,,
343658,800,0,,,,,,
343659,800,0,,,,,,
343660,800,0,,,,,,
343661,800,0,,,,,,
343662,800,0,,,,,,
343663,800,0,,,,,,
343664,800,0,,,,,,
343665,800,0,,,,,,
343666,800,0,,,,,,
343667,800,0,,,,,,
343668,800,0,,,,,,
343669,800,0,,,,,,
343670,800,0,,,,,,
343671,800,0,,,,,,
343672,800,0,,,,,,
343673,800,0,,,,,,
343674,800,0,,,,,,
343675,800,0,,,,,,
343676,800,0,,,,,,
343677,800,0,,,,,,
343678,800,0,,,,,,
343679,800,0,,,,,,
343680,800,0,,,,,,
343681,800,0,,,,,,
343682,800,0,,,,,,
343683,800,0,,,,,,
343684,800,0,,,,,,
343685,800,0,,,,,,
343686,800,0,,,,,,
343687,800,0,,,,,,
343688,800,0,,,,,,
343689,800,0,,,,,,
343690,800,0,,,,,,
343691,800,0,,,,,,
343692,800,0,,,,,,
343693,800,0,,,,,,
343694,800,0,,,,,,
343695,800,0,,,,,,
343696,800,0,,,,,,
343697,800,0,,,,,,
343698,800,0,,,,,,
343699,800,0,,,,,,
343700,800,0,,,,,,
343701,800,0,,,,,,
343702,800,0,,,,,,
343703,800,0,,,,,,
343704,800,0,,,,,,
343705,800,0,,,,,,
343706,800,0,,,,,,
343707,800,0,,,,,,
343708,800,0,,,,,,
343709,800,0,,,,,,
343710,800,0,,,,,,
343711,800,0,,,,,,
343712,800,0,,,,,,
343713,800,0,,,,,,
343714,800,0,,,,,,
343715,800,0,,,,,,
343716,800,0,,,,,,
343717,800,0,,,,,,
343718,800,0,,,,,,
343719,800,0,,,,,,
343720,800,0,,,,,,
343721,800,0,,,,,,
343722,800,0,,,,,,
343723,800,0,,,,,,
343724,800,0,,,,,,
343725,800,0,,,,,,
343726,800,0,,,,,,
343727,800,0,,,,,,
343728,800,0,,,,,,
343729,800,0,,,,,,
343730,800,0,,,,,,
343731,800,0,,,,,,
343732,800,0,,,,,,
343733,800,0,,,,,,
343734,800,0,,,,,,
343735,800,0,,,,,,
343736,800,0,,,,,,
343737,800,0,,,,,,
343738,800,0,,,,,,
343739,800,0,,,,,,
343740,800,0,,,,,,
343741,800,0,,,,,,
343742,800,0,,,,,,
343743,800,0,,,,,,
343744,800,0,,,,,,
343745,800,0,,,,,,
343746,800,0,,,,,,
343747,800,0,,,,,,
343748,800,0,,,,,,
343749,800,0,,,,,,
343750,800,0,,,,,,
343751,800,0,,,,,,
343752,800,0,,,,,,
343753,800,0,,,,,,
343754,800,0,,,,,,
343755,800,0,,,,,,
343756,800,0,,,,,,
343757,800,0,,,,,,
343758,800,1,,,,,,
343759,800,1,,,,,,
343760,800,1,,,,,,
343761,800,0,,,,,,
343762,800,1,,,,,,
343763,800,1,,,,,,
343764,800,1,,,,,,
343765,800,0,,,,,,
343766,800,0,,,,,,
343767,800,0,,,,,,
343768,800,0,,,,,,
343769,800,0,,,,,,
343770,800,1,,,,,,
343771,800,1,,,,,,
343772,800,1,,,,,,
343773,800,0,,,,,,
343774,800,0,,,,,,
343775,800,0,,,,,,
343776,800,0,,,,,,
343777,800,1,,,,,,
343778,800,0,,,,,,
343779,800,0,,,,,,
343780,800,1,,,,,,
343781,800,1,,,,,,
343782,800,1,,,,,,
343783,800,0,,,,,,
343784,800,1,,,,,,
343785,800,1,,,,,,
343786,800,1,,,,,,
343787,800,1,,,,,,
343788,800,0,,,,,,
343789,800,0,,,,,,
343790,800,0,,,,,,
343791,800,1,,,,,,
343792,800,0,,,,,,
343793,800,0,,,,,,
343794,800,0,,,,,,
343795,800,0,,,,,,
343796,800,1,,,,,,
343797,800,1,,,,,,
343798,800,0,,,,,,
343799,800,0,,,,,,
343800,800,0,,,,,,
343801,800,0,,,,,,
343802,800,1,,,,,,
343803,800,0,,,,,,
343804,800,1,,,,,,
343805,800,0,,,,,,
343806,800,0,,,,,,
343807,800,0,,,,,,
343808,800,0,,,,,,
343809,800,0,,,,,,
343810,800,0,,,,,,
343811,800,0,,,,,,
343812,800,0,,,,,,
343813,800,0,,,,,,
343814,800,0,,,,,,
343815,800,0,,,,,,
343816,800,1,,,,,,
343817,800,1,,,,,,
343818,800,0,,,,,,
343819,800,0,,,,,,
343820,800,0,,,,,,
343821,800,1,,,,,,
343822,800,0,,,,,,
343823,800,0,,,,,,
343824,800,0,,,,,,
343825,800,0,,,,,,
343826,800,0,,,,,,
343827,800,1,,,,,,
343828,800,1,,,,,,
343829,800,0,,,,,,
343830,800,1,,,,,,
343831,800,1,,,,,,
343832,800,1,,,,,,
343833,800,0,,,,,,
343834,800,0,,,,,,
343835,800,0,,,,,,
343836,800,0,,,,,,
343837,800,0,,,,,,
343838,800,0,,,,,,
343839,800,0,,,,,,
343840,800,0,,,,,,
343841,800,0,,,,,,
343842,800,0,,,,,,
343843,800,0,,,,,,
343844,800,0,,,,,,
343845,800,0,,,,,,
343846,800,0,,,,,,
343847,800,0,,,,,,
343848,800,0,,,,,,
343849,800,0,,,,,,
343850,800,0,,,,,,
343851,800,0,,,,,,
343852,800,0,,,,,,
343853,800,0,,,,,,
343854,800,0,,,,,,
343855,800,0,,,,,,
343856,800,0,,,,,,
343857,800,0,,,,,,
343858,800,0,,,,,,
343859,800,0,,,,,,
343860,800,0,,,,,,
343861,800,0,,,,,,
343862,800,0,,,,,,
343863,800,0,,,,,,
343864,800,0,,,,,,
343865,800,0,,,,,,
343866,800,0,,,,,,
343867,800,0,,,,,,
343868,800,0,,,,,,
343869,800,0,,,,,,
343870,800,0,,,,,,
343871,800,0,,,,,,
343872,800,1,,,,,,
343873,800,1,,,,,,
343874,800,0,,,,,,
343875,800,0,,,,,,
343876,800,0,,,,,,
343877,800,0,,,,,,
343878,800,0,,,,,,
343879,800,0,,,,,,
343880,800,0,,,,,,
343881,800,0,,,,,,
343882,800,0,,,,,,
343883,800,0,,,,,,
343884,800,0,,,,,,
343885,800,0,,,,,,
343886,800,0,,,,,,
343887,800,0,,,,,,
343888,800,0,,,,,,
343889,800,0,,,,,,
343890,800,0,,,,,,
343891,800,0,,,,,,
343892,800,0,,,,,,
343893,800,0,,,,,,
343894,800,0,,,,,,
343895,800,0,,,,,,
343896,800,0,,,,,,
343897,800,0,,,,,,
343898,800,0,,,,,,
343899,800,0,,,,,,
343900,800,0,,,,,,
343901,800,0,,,,,,
343902,800,0,,,,,,
343903,800,0,,,,,,
343904,800,0,,,,,,
343905,800,0,,,,,,
343906,800,0,,,,,,
343907,800,0,,,,,,
343908,800,0,,,,,,
343909,800,0,,,,,,
343910,800,0,,,,,,
343911,800,0,,,,,,
343912,800,0,,,,,,
343913,800,0,,,,,,
343914,800,0,,,,,,
343915,800,0,,,,,,
343916,800,0,,,,,,
343917,800,0,,,,,,
343918,800,0,,,,,,
343919,800,0,,,,,,
343920,800,0,,,,,,
343921,800,0,,,,,,
343922,800,0,,,,,,
343923,800,0,,,,,,
343924,800,0,,,,,,
343925,800,0,,,,,,
343926,800,0,,,,,,
343927,800,0,,,,,,
343928,800,0,,,,,,
343929,800,0,,,,,,
343930,800,0,,,,,,
343931,800,0,,,,,,
343932,800,0,,,,,,
343933,800,1,,,,,,
343934,800,0,,,,,,
343935,800,0,,,,,,
343936,800,0,,,,,,
343937,800,0,,,,,,
343938,800,1,,,,,,
343939,800,1,,,,,,
343940,800,0,,,,,,
343941,800,0,,,,,,
343942,800,0,,,,,,
343943,800,0,,,,,,
343944,800,0,,,,,,
343945,800,0,,,,,,
343946,800,0,,,,,,
343947,800,0,,,,,,
343948,800,0,,,,,,
343949,800,0,,,,,,
343950,800,0,,,,,,
343951,800,0,,,,,,
343952,800,0,,,,,,
343953,800,0,,,,,,
343954,800,0,,,,,,
343955,800,0,,,,,,
343956,800,0,,,,,,
343957,800,0,,,,,,
343958,800,0,,,,,,
343959,800,0,,,,,,
343960,800,0,,,,,,
343961,800,0,,,,,,
343962,800,0,,,,,,
343963,800,1,,,,,,
343964,800,1,,,,,,
343965,800,0,,,,,,
343966,800,0,,,,,,
343967,800,0,,,,,,
343968,800,1,,,,,,
343969,800,1,,,,,,
343970,800,1,,,,,,
343971,800,1,,,,,,
343972,800,1,,,,,,
343973,800,0,,,,,,
343974,800,1,,,,,,
343975,800,0,,,,,,
343976,800,1,,,,,,
343977,800,0,,,,,,
343978,800,0,,,,,,
343979,800,0,,,,,,
343980,800,0,,,,,,
343981,800,0,,,,,,
343982,800,0,,,,,,
343983,800,0,,,,,,
343984,800,1,,,,,,
343985,800,1,,,,,,
343986,800,0,,,,,,
343987,800,0,,,,,,
343988,800,0,,,,,,
343989,800,0,,,,,,
343990,800,1,,,,,,
343991,800,0,,,,,,
343992,800,1,,,,,,
343993,800,1,,,,,,
343994,800,1,,,,,,
343995,800,0,,,,,,
343996,800,0,,,,,,
343997,800,0,,,,,,
343998,800,0,,,,,,
343999,800,0,,,,,,
344000,800,0,,,,,,
344001,800,0,,,,,,
344002,800,0,,,,,,
344003,800,0,,,,,,
344004,800,0,,,,,,
344005,800,0,,,,,,
344006,800,0,,,,,,
344007,800,1,,,,,,
344008,800,1,,,,,,
344009,800,1,,,,,,
344010,800,0,,,,,,
344011,800,0,,,,,,
344012,800,0,,,,,,
344013,800,0,,,,,,
344014,800,0,,,,,,
344015,800,0,,,,,,
344016,800,0,,,,,,
344017,800,0,,,,,,
344018,800,0,,,,,,
344019,800,0,,,,,,
344020,800,0,,,,,,
344021,800,0,,,,,,
344022,800,0,,,,,,
344023,800,0,,,,,,
344024,800,0,,,,,,
344025,800,1,,,,,,
344026,800,1,,,,,,
344027,800,0,,,,,,
344028,800,0,,,,,,
344029,800,1,,,,,,
344030,800,1,,,,,,
344031,800,0,,,,,,
344032,800,0,,,,,,
344033,800,0,,,,,,
344034,800,0,,,,,,
344035,800,0,,,,,,
344036,800,0,,,,,,
344037,800,1,,,,,,
344038,800,0,,,,,,
344039,800,1,,,,,,
344040,800,1,,,,,,
344041,800,0,,,,,,
344042,800,0,,,,,,
344043,800,0,,,,,,
344044,800,0,,,,,,
344045,800,0,,,,,,
344046,800,0,,,,,,
344047,800,0,,,,,,
344048,800,0,,,,,,
344049,800,0,,,,,,
344050,800,0,,,,,,
344051,800,0,,,,,,
344052,800,0,,,,,,
344053,800,0,,,,,,
344054,800,0,,,,,,
344055,800,0,,,,,,
344056,800,0,,,,,,
344057,800,0,,,,,,
344058,800,0,,,,,,
344059,800,0,,,,,,
344060,800,0,,,,,,
344061,800,0,,,,,,
344062,800,0,,,,,,
344063,800,0,,,,,,
344064,800,0,,,,,,
344065,800,0,,,,,,
344066,800,0,,,,,,
344067,800,0,,,,,,
344068,800,0,,,,,,
344069,800,0,,,,,,
344070,800,0,,,,,,
344071,800,0,,,,,,
344072,800,0,,,,,,
344073,800,0,,,,,,
344074,800,0,,,,,,
344075,800,0,,,,,,
344076,800,0,,,,,,
344077,800,0,,,,,,
344078,800,0,,,,,,
344079,800,0,,,,,,
344080,800,0,,,,,,
344081,800,0,,,,,,
344082,800,0,,,,,,
344083,800,0,,,,,,
344084,800,0,,,,,,
344085,800,0,,,,,,
344086,800,0,,,,,,
344087,800,0,,,,,,
344088,800,0,,,,,,
344089,800,0,,,,,,
344090,800,0,,,,,,
344091,800,0,,,,,,
344092,800,0,,,,,,
344093,800,0,,,,,,
344094,800,0,,,,,,
344095,800,0,,,,,,
344096,800,0,,,,,,
344097,800,0,,,,,,
344098,800,0,,,,,,
344099,800,1,,,,,,
344100,800,1,,,,,,
344101,800,1,,,,,,
344102,800,0,,,,,,
344103,800,1,,,,,,
344104,800,0,,,,,,
344105,800,1,,,,,,
344106,800,0,,,,,,
344107,800,0,,,,,,
344108,800,0,,,,,,
344109,800,0,,,,,,
344110,800,0,,,,,,
344111,800,1,,,,,,
344112,800,0,,,,,,
344113,800,0,,,,,,
344114,800,0,,,,,,
344115,800,0,,,,,,
344116,800,0,,,,,,
344117,800,0,,,,,,
344118,800,0,,,,,,
344119,800,0,,,,,,
344120,800,0,,,,,,
344121,800,0,,,,,,
344122,800,0,,,,,,
344123,800,0,,,,,,
344124,800,0,,,,,,
344125,800,0,,,,,,
344126,800,0,,,,,,
344127,800,1,,,,,,
344128,800,1,,,,,,
344129,800,1,,,,,,
344130,800,0,,,,,,
344131,800,0,,,,,,
344132,800,0,,,,,,
344133,800,0,,,,,,
344134,800,0,,,,,,
344135,800,0,,,,,,
344136,800,0,,,,,,
344137,800,0,,,,,,
344138,800,0,,,,,,
344139,800,0,,,,,,
344140,800,0,,,,,,
344141,800,0,,,,,,
344142,800,0,,,,,,
344143,800,0,,,,,,
344144,800,0,,,,,,
344145,800,0,,,,,,
344146,800,0,,,,,,
344147,800,0,,,,,,
344148,800,0,,,,,,
344149,800,0,,,,,,
344150,800,0,,,,,,
344151,800,1,,,,,,
344152,800,0,,,,,,
344153,800,0,,,,,,
344154,800,1,,,,,,
344155,800,0,,,,,,
344156,800,1,,,,,,
344157,800,1,,,,,,
344158,800,1,,,,,,
344159,800,0,,,,,,
344160,800,0,,,,,,
344161,800,0,,,,,,
344162,800,0,,,,,,
344163,800,0,,,,,,
344164,800,1,,,,,,
344165,800,0,,,,,,
344166,800,0,,,,,,
344167,800,1,,,,,,
344168,800,0,,,,,,
344169,800,0,,,,,,
344170,800,0,,,,,,
344171,800,1,,,,,,
344172,800,0,,,,,,
344173,800,0,,,,,,
344174,800,0,,,,,,
344175,800,1,,,,,,
344176,800,0,,,,,,
344177,800,0,,,,,,
344178,800,1,,,,,,
344179,800,0,,,,,,
344180,800,0,,,,,,
344181,800,0,,,,,,
344182,800,1,,,,,,
344183,800,0,,,,,,
344184,800,1,,,,,,
344185,800,0,,,,,,
344186,800,1,,,,,,
344187,800,0,,,,,,
344188,800,1,,,,,,
344189,800,0,,,,,,
344190,800,0,,,,,,
344191,800,1,,,,,,
344192,800,0,,,,,,
344193,800,0,,,,,,
344194,800,0,,,,,,
344195,800,1,,,,,,
344196,800,0,,,,,,
344197,800,0,,,,,,
344198,800,0,,,,,,
344199,800,0,,,,,,
344200,800,0,,,,,,
344201,800,0,,,,,,
344202,800,1,,,,,,
344203,800,1,,,,,,
344204,800,1,,,,,,
344205,800,0,,,,,,
344206,800,1,,,,,,
344207,800,0,,,,,,
344208,800,0,,,,,,
344209,800,1,,,,,,
344210,800,1,,,,,,
344211,800,0,,,,,,
344212,800,0,,,,,,
344213,800,0,,,,,,
344214,800,0,,,,,,
344215,800,0,,,,,,
344216,800,0,,,,,,
344217,800,0,,,,,,
344218,800,0,,,,,,
344219,800,0,,,,,,
344220,800,1,,,,,,
344221,800,1,,,,,,
344222,800,1,,,,,,
344223,800,1,,,,,,
344224,800,0,,,,,,
344225,800,1,,,,,,
344226,800,1,,,,,,
344227,800,1,,,,,,
344228,800,0,,,,,,
344229,800,1,,,,,,
344230,800,1,,,,,,
344231,800,1,,,,,,
344232,800,1,,,,,,
344233,800,0,,,,,,
344234,800,1,,,,,,
344235,800,0,,,,,,
344236,800,1,,,,,,
344237,800,0,,,,,,
344238,800,0,,,,,,
344239,800,0,,,,,,
344240,800,0,,,,,,
344241,800,0,,,,,,
344242,800,0,,,,,,
344243,800,1,,,,,,
344244,800,0,,,,,,
344245,800,1,,,,,,
344246,800,1,,,,,,
344247,800,0,,,,,,
344248,800,0,,,,,,
344249,800,1,,,,,,
344250,800,0,,,,,,
344251,800,1,,,,,,
344252,800,1,,,,,,
344253,800,0,,,,,,
344254,800,1,,,,,,
344255,800,0,,,,,,
344256,800,0,,,,,,
344257,800,0,,,,,,
344258,800,0,,,,,,
344259,800,0,,,,,,
344260,800,0,,,,,,
344261,800,0,,,,,,
344262,800,0,,,,,,
344263,800,0,,,,,,
344264,800,0,,,,,,
344265,800,0,,,,,,
344266,800,1,,,,,,
344267,800,1,,,,,,
344268,800,0,,,,,,
344269,800,1,,,,,,
344270,800,1,,,,,,
344271,800,1,,,,,,
344272,800,1,,,,,,
344273,800,1,,,,,,
344274,800,1,,,,,,
344275,800,0,,,,,,
344276,800,0,,,,,,
344277,800,0,,,,,,
344278,800,0,,,,,,
344279,800,0,,,,,,
344280,800,0,,,,,,
344281,800,0,,,,,,
344282,800,0,,,,,,
344283,800,0,,,,,,
344284,800,0,,,,,,
344285,800,0,,,,,,
344286,800,0,,,,,,
344287,800,0,,,,,,
344288,800,0,,,,,,
344289,800,0,,,,,,
344290,800,0,,,,,,
344291,800,0,,,,,,
344292,800,0,,,,,,
344293,800,0,,,,,,
344294,800,0,,,,,,
344295,800,0,,,,,,
344296,800,0,,,,,,
344297,800,0,,,,,,
344298,800,0,,,,,,
344299,800,0,,,,,,
344300,800,0,,,,,,
344301,800,0,,,,,,
344302,800,0,,,,,,
344303,800,0,,,,,,
344304,800,1,,,,,,
344305,800,1,,,,,,
344306,800,1,,,,,,
344307,800,1,,,,,,
344308,800,1,,,,,,
344309,800,0,,,,,,
344310,800,0,,,,,,
344311,800,0,,,,,,
344312,800,0,,,,,,
344313,800,0,,,,,,
344314,800,0,,,,,,
344315,800,1,,,,,,
344316,800,0,,,,,,
344317,800,0,,,,,,
344318,800,0,,,,,,
344319,800,1,,,,,,
344320,800,1,,,,,,
344321,800,0,,,,,,
344322,800,0,,,,,,
344323,800,0,,,,,,
344324,800,0,,,,,,
344325,800,0,,,,,,
344326,800,0,,,,,,
344327,800,0,,,,,,
344328,800,0,,,,,,
344329,800,0,,,,,,
344330,800,0,,,,,,
344331,800,0,,,,,,
344332,800,1,,,,,,
344333,800,0,,,,,,
344334,800,0,,,,,,
344335,800,0,,,,,,
344336,800,0,,,,,,
344337,800,0,,,,,,
344338,800,0,,,,,,
344339,800,0,,,,,,
344340,800,0,,,,,,
344341,800,0,,,,,,
344342,800,0,,,,,,
344343,800,0,,,,,,
344344,800,0,,,,,,
344345,800,0,,,,,,
344346,800,0,,,,,,
344347,800,0,,,,,,
344348,800,0,,,,,,
344349,800,0,,,,,,
344350,800,1,,,,,,
344351,800,1,,,,,,
344352,800,1,,,,,,
344353,800,0,,,,,,
344354,800,0,,,,,,
344355,800,1,,,,,,
344356,800,1,,,,,,
344357,800,1,,,,,,
344358,800,0,,,,,,
344359,800,1,,,,,,
344360,800,0,,,,,,
344361,800,0,,,,,,
344362,800,0,,,,,,
344363,800,0,,,,,,
344364,800,1,,,,,,
344365,800,1,,,,,,
344366,800,1,,,,,,
344367,800,0,,,,,,
344368,800,0,,,,,,
344369,800,0,,,,,,
344370,800,0,,,,,,
344371,800,1,,,,,,
344372,800,0,,,,,,
344373,800,0,,,,,,
344374,800,0,,,,,,
344375,800,0,,,,,,
344376,800,0,,,,,,
344377,800,1,,,,,,
344378,800,1,,,,,,
344379,800,0,,,,,,
344380,800,1,,,,,,
344381,800,1,,,,,,
344382,800,0,,,,,,
344383,800,0,,,,,,
344384,800,1,,,,,,
344385,800,0,,,,,,
344386,800,0,,,,,,
344387,800,0,,,,,,
344388,800,0,,,,,,
344389,800,0,,,,,,
344390,800,0,,,,,,
344391,800,0,,,,,,
344392,800,0,,,,,,
344393,800,0,,,,,,
344394,800,0,,,,,,
344395,800,0,,,,,,
344396,800,0,,,,,,
344397,800,1,,,,,,
344398,800,0,,,,,,
344399,800,0,,,,,,
344400,800,0,,,,,,
344401,800,0,,,,,,
344402,800,0,,,,,,
344403,800,1,,,,,,
344404,800,1,,,,,,
344405,800,0,,,,,,
344406,800,0,,,,,,
344407,800,1,,,,,,
344408,800,1,,,,,,
344409,800,1,,,,,,
344410,800,1,,,,,,
344411,800,1,,,,,,
344412,800,0,,,,,,
344413,800,0,,,,,,
344414,800,1,,,,,,
344415,800,0,,,,,,
344416,800,0,,,,,,
344417,800,0,,,,,,
344418,800,0,,,,,,
344419,800,0,,,,,,
344420,800,0,,,,,,
344421,800,0,,,,,,
344422,800,0,,,,,,
344423,800,0,,,,,,
344424,800,0,,,,,,
344425,800,0,,,,,,
344426,800,0,,,,,,
344427,800,0,,,,,,
344428,800,0,,,,,,
344429,800,0,,,,,,
344430,800,1,,,,,,
344431,800,1,,,,,,
344432,800,0,,,,,,
344433,800,0,,,,,,
344434,800,1,,,,,,
344435,800,1,,,,,,
344436,800,0,,,,,,
344437,800,1,,,,,,
344438,800,0,,,,,,
344439,800,0,,,,,,
344440,800,1,,,,,,
344441,800,0,,,,,,
344442,800,0,,,,,,
344443,800,0,,,,,,
344444,800,0,,,,,,
344445,800,0,,,,,,
344446,800,0,,,,,,
344447,800,1,,,,,,
344448,800,0,,,,,,
344449,800,1,,,,,,
344450,800,0,,,,,,
344451,800,1,,,,,,
344452,800,0,,,,,,
344453,800,0,,,,,,
344454,800,1,,,,,,
344455,800,1,,,,,,
344456,800,1,,,,,,
344457,800,0,,,,,,
344458,800,0,,,,,,
344459,800,0,,,,,,
344460,800,0,,,,,,
344461,800,0,,,,,,
344462,800,1,,,,,,
344463,800,1,,,,,,
344464,800,1,,,,,,
344465,800,0,,,,,,
344466,800,0,,,,,,
344467,800,0,,,,,,
344468,800,0,,,,,,
344469,800,0,,,,,,
344470,800,1,,,,,,
344471,800,0,,,,,,
344472,800,0,,,,,,
344473,800,1,,,,,,
344474,800,1,,,,,,
344475,800,0,,,,,,
344476,800,0,,,,,,
344477,800,0,,,,,,
344478,800,1,,,,,,
344479,800,0,,,,,,
344480,800,0,,,,,,
344481,800,0,,,,,,
344482,800,0,,,,,,
344483,800,1,,,,,,
344484,800,1,,,,,,
344485,800,1,,,,,,
344486,800,1,,,,,,
344487,800,1,,,,,,
344488,800,0,,,,,,
344489,800,0,,,,,,
344490,800,1,,,,,,
344491,800,1,,,,,,
344492,800,1,,,,,,
344493,800,1,,,,,,
344494,800,0,,,,,,
344495,800,0,,,,,,
344496,800,0,,,,,,
344497,800,0,,,,,,
344498,800,0,,,,,,
344499,800,0,,,,,,
344500,800,0,,,,,,
344501,800,0,,,,,,
344502,800,1,,,,,,
344503,800,0,,,,,,
344504,800,0,,,,,,
344505,800,0,,,,,,
344506,800,0,,,,,,
344507,800,0,,,,,,
344508,800,0,,,,,,
344509,800,0,,,,,,
344510,800,1,,,,,,
344511,800,0,,,,,,
344512,800,0,,,,,,
344513,800,1,,,,,,
344514,800,1,,,,,,
344515,800,0,,,,,,
344516,800,0,,,,,,
344517,800,1,,,,,,
344518,800,1,,,,,,
344519,800,0,,,,,,
344520,800,0,,,,,,
344521,800,0,,,,,,
344522,800,1,,,,,,
344523,800,1,,,,,,
344524,800,0,,,,,,
344525,800,1,,,,,,
344526,800,1,,,,,,
344527,800,1,,,,,,
344528,800,1,,,,,,
344529,800,1,,,,,,
344530,800,0,,,,,,
344531,800,0,,,,,,
344532,800,0,,,,,,
344533,800,0,,,,,,
344534,800,0,,,,,,
344535,800,0,,,,,,
344536,800,0,,,,,,
344537,800,0,,,,,,
344538,800,0,,,,,,
344539,800,0,,,,,,
344540,800,0,,,,,,
344541,800,0,,,,,,
344542,800,0,,,,,,
344543,800,0,,,,,,
344544,800,0,,,,,,
344545,800,0,,,,,,
344546,800,0,,,,,,
344547,800,0,,,,,,
344548,800,0,,,,,,
344549,800,0,,,,,,
344550,800,0,,,,,,
344551,800,1,,,,,,
344552,800,1,,,,,,
344553,800,0,,,,,,
344554,800,1,,,,,,
344555,800,1,,,,,,
344556,800,1,,,,,,
344557,800,0,,,,,,
344558,800,1,,,,,,
344559,800,1,,,,,,
344560,800,1,,,,,,
344561,800,0,,,,,,
344562,800,0,,,,,,
344563,800,0,,,,,,
344564,800,0,,,,,,
344565,800,1,,,,,,
344566,800,0,,,,,,
344567,800,0,,,,,,
344568,800,0,,,,,,
344569,800,1,,,,,,
344570,800,1,,,,,,
344571,800,0,,,,,,
344572,800,1,,,,,,
344573,800,1,,,,,,
344574,800,0,,,,,,
344575,800,0,,,,,,
344576,800,0,,,,,,
344577,800,0,,,,,,
344578,800,0,,,,,,
344579,800,0,,,,,,
344580,800,1,,,,,,
344581,800,0,,,,,,
344582,800,1,,,,,,
344583,800,1,,,,,,
344584,800,1,,,,,,
344585,800,1,,,,,,
344586,800,1,,,,,,
344587,800,1,,,,,,
344588,800,1,,,,,,
344589,800,0,,,,,,
344590,800,1,,,,,,
344591,800,1,,,,,,
344592,800,1,,,,,,
344593,800,0,,,,,,
344594,800,0,,,,,,
344595,800,0,,,,,,
344596,800,1,,,,,,
344597,800,0,,,,,,
344598,800,0,,,,,,
344599,800,0,,,,,,
344600,800,0,,,,,,
344601,800,0,,,,,,
344602,800,0,,,,,,
344603,800,1,,,,,,
344604,800,1,,,,,,
344605,800,0,,,,,,
344606,800,0,,,,,,
344607,800,0,,,,,,
344608,800,0,,,,,,
344609,800,0,,,,,,
344610,800,0,,,,,,
344611,800,0,,,,,,
344612,800,0,,,,,,
344613,800,0,,,,,,
344614,800,0,,,,,,
344615,800,1,,,,,,
344616,800,0,,,,,,
344617,800,1,,,,,,
344618,800,1,,,,,,
344619,800,1,,,,,,
344620,800,0,,,,,,
344621,800,1,,,,,,
344622,800,0,,,,,,
344623,800,1,,,,,,
344624,800,0,,,,,,
344625,800,1,,,,,,
344626,800,1,,,,,,
344627,800,0,,,,,,
344628,800,1,,,,,,
344629,800,0,,,,,,
344630,800,1,,,,,,
344631,800,0,,,,,,
344632,800,0,,,,,,
344633,800,0,,,,,,
344634,800,0,,,,,,
344635,800,0,,,,,,
344636,800,0,,,,,,
344637,800,0,,,,,,
344638,800,0,,,,,,
344639,800,0,,,,,,
344640,800,0,,,,,,
344641,800,1,,,,,,
344642,800,0,,,,,,
344643,800,0,,,,,,
344644,800,0,,,,,,
344645,800,0,,,,,,
344646,800,0,,,,,,
344647,800,0,,,,,,
344648,800,0,,,,,,
344649,800,1,,,,,,
344650,800,0,,,,,,
344651,800,0,,,,,,
344652,800,0,,,,,,
344653,800,0,,,,,,
344654,800,0,,,,,,
344655,800,0,,,,,,
344656,800,0,,,,,,
344657,800,1,,,,,,
344658,800,1,,,,,,
344659,800,0,,,,,,
344660,800,1,,,,,,
344661,800,1,,,,,,
344662,800,0,,,,,,
344663,800,0,,,,,,
344664,800,1,,,,,,
344665,800,0,,,,,,
344666,800,1,,,,,,
344667,800,1,,,,,,
344668,800,1,,,,,,
344669,800,0,,,,,,
344670,800,0,,,,,,
344671,800,0,,,,,,
344672,800,1,,,,,,
344673,800,0,,,,,,
344674,800,0,,,,,,
344675,800,0,,,,,,
344676,800,0,,,,,,
344677,800,1,,,,,,
344678,800,0,,,,,,
344679,800,0,,,,,,
344680,800,0,,,,,,
344681,800,0,,,,,,
344682,800,0,,,,,,
344683,800,0,,,,,,
344684,800,0,,,,,,
344685,800,0,,,,,,
344686,800,0,,,,,,
344687,800,0,,,,,,
344688,800,1,,,,,,
344689,800,0,,,,,,
344690,800,0,,,,,,
344691,800,0,,,,,,
344692,800,0,,,,,,
344693,800,0,,,,,,
344694,800,1,,,,,,
344695,800,0,,,,,,
344696,800,0,,,,,,
344697,800,0,,,,,,
344698,800,0,,,,,,
344699,800,0,,,,,,
344700,800,0,,,,,,
344701,800,1,,,,,,
344702,800,1,,,,,,
344703,800,1,,,,,,
344704,800,1,,,,,,
344705,800,1,,,,,,
344706,800,0,,,,,,
344707,800,0,,,,,,
344708,800,1,,,,,,
344709,800,0,,,,,,
344710,800,0,,,,,,
344711,800,0,,,,,,
344712,800,0,,,,,,
344713,800,0,,,,,,
344714,800,0,,,,,,
344715,800,0,,,,,,
344716,800,0,,,,,,
344717,800,0,,,,,,
344718,800,0,,,,,,
344719,800,0,,,,,,
344720,800,0,,,,,,
344721,800,0,,,,,,
344722,800,1,,,,,,
344723,800,0,,,,,,
344724,800,1,,,,,,
344725,800,1,,,,,,
344726,800,1,,,,,,
344727,800,1,,,,,,
344728,800,1,,,,,,
344729,800,0,,,,,,
344730,800,0,,,,,,
344731,800,0,,,,,,
344732,800,0,,,,,,
344733,800,1,,,,,,
344734,800,1,,,,,,
344735,800,1,,,,,,
344736,800,0,,,,,,
344737,800,1,,,,,,
344738,800,1,,,,,,
344739,800,0,,,,,,
344740,800,0,,,,,,
344741,800,0,,,,,,
344742,800,0,,,,,,
344743,800,0,,,,,,
344744,800,0,,,,,,
344745,800,0,,,,,,
344746,800,0,,,,,,
344747,800,0,,,,,,
344748,800,0,,,,,,
344749,800,1,,,,,,
344750,800,0,,,,,,
344751,800,1,,,,,,
344752,800,0,,,,,,
344753,800,0,,,,,,
344754,800,0,,,,,,
344755,800,0,,,,,,
344756,800,0,,,,,,
344757,800,0,,,,,,
344758,800,0,,,,,,
344759,800,1,,,,,,
344760,800,1,,,,,,
344761,800,0,,,,,,
344762,800,1,,,,,,
344763,800,1,,,,,,
344764,800,1,,,,,,
344765,800,1,,,,,,
344766,800,0,,,,,,
344767,800,0,,,,,,
344768,800,0,,,,,,
344769,800,0,,,,,,
344770,800,0,,,,,,
344771,800,0,,,,,,
344772,800,1,,,,,,
344773,800,1,,,,,,
344774,800,0,,,,,,
344775,800,1,,,,,,
344776,800,0,,,,,,
344777,800,1,,,,,,
344778,800,1,,,,,,
344779,800,0,,,,,,
344780,800,0,,,,,,
344781,800,1,,,,,,
344782,800,0,,,,,,
344783,800,0,,,,,,
344784,800,0,,,,,,
344785,800,0,,,,,,
344786,800,0,,,,,,
344787,800,0,,,,,,
344788,800,1,,,,,,
344789,800,1,,,,,,
344790,800,1,,,,,,
344791,800,0,,,,,,
344792,800,0,,,,,,
344793,800,1,,,,,,
344794,800,0,,,,,,
344795,800,1,,,,,,
344796,800,0,,,,,,
344797,800,0,,,,,,
344798,800,0,,,,,,
344799,800,0,,,,,,
344800,800,0,,,,,,
344801,800,1,,,,,,
344802,800,0,,,,,,
344803,800,1,,,,,,
344804,800,1,,,,,,
344805,800,0,,,,,,
344806,800,1,,,,,,
344807,800,1,,,,,,
344808,800,0,,,,,,
344809,800,1,,,,,,
344810,800,1,,,,,,
344811,800,1,,,,,,
344812,800,1,,,,,,
344813,800,0,,,,,,
344814,800,0,,,,,,
344815,800,1,,,,,,
344816,800,0,,,,,,
344817,800,0,,,,,,
344818,800,1,,,,,,
344819,800,0,,,,,,
344820,800,0,,,,,,
344821,800,1,,,,,,
344822,800,1,,,,,,
344823,800,0,,,,,,
344824,800,0,,,,,,
344825,800,0,,,,,,
344826,800,0,,,,,,
344827,800,0,,,,,,
344828,800,0,,,,,,
344829,800,0,,,,,,
344830,800,0,,,,,,
344831,800,0,,,,,,
344832,800,1,,,,,,
344833,800,0,,,,,,
344834,800,1,,,,,,
344835,800,1,,,,,,
344836,800,0,,,,,,
344837,800,1,,,,,,
344838,800,1,,,,,,
344839,800,1,,,,,,
344840,800,0,,,,,,
344841,800,0,,,,,,
344842,800,0,,,,,,
344843,800,0,,,,,,
344844,800,0,,,,,,
344845,800,1,,,,,,
344846,800,1,,,,,,
344847,800,0,,,,,,
344848,800,0,,,,,,
344849,800,0,,,,,,
344850,800,0,,,,,,
344851,800,0,,,,,,
344852,800,0,,,,,,
344853,800,1,,,,,,
344854,800,1,,,,,,
344855,800,1,,,,,,
344856,800,1,,,,,,
344857,800,1,,,,,,
344858,800,0,,,,,,
344859,800,0,,,,,,
344860,800,0,,,,,,
344861,800,0,,,,,,
344862,800,1,,,,,,
344863,800,0,,,,,,
344864,800,0,,,,,,
344865,800,1,,,,,,
344866,800,1,,,,,,
344867,800,1,,,,,,
344868,800,1,,,,,,
344869,800,1,,,,,,
344870,800,0,,,,,,
344871,800,1,,,,,,
344872,800,0,,,,,,
344873,800,0,,,,,,
344874,800,0,,,,,,
344875,800,0,,,,,,
344876,800,1,,,,,,
344877,800,1,,,,,,
344878,800,1,,,,,,
344879,800,1,,,,,,
344880,800,1,,,,,,
344881,800,1,,,,,,
344882,800,1,,,,,,
344883,800,1,,,,,,
344884,800,1,,,,,,
344885,800,1,,,,,,
344886,800,1,,,,,,
344887,800,1,,,,,,
344888,800,0,,,,,,
344889,800,1,,,,,,
344890,800,1,,,,,,
344891,800,1,,,,,,
344892,800,0,,,,,,
344893,800,1,,,,,,
344894,800,1,,,,,,
344895,800,1,,,,,,
344896,800,0,,,,,,
344897,800,0,,,,,,
344898,800,1,,,,,,
344899,800,0,,,,,,
344900,800,1,,,,,,
344901,800,1,,,,,,
344902,800,1,,,,,,
344903,800,0,,,,,,
344904,800,0,,,,,,
344905,800,1,,,,,,
344906,800,0,,,,,,
344907,800,0,,,,,,
344908,800,0,,,,,,
344909,800,0,,,,,,
344910,800,0,,,,,,
344911,800,0,,,,,,
344912,800,1,,,,,,
344913,800,0,,,,,,
344914,800,0,,,,,,
344915,800,0,,,,,,
344916,800,0,,,,,,
344917,800,1,,,,,,
344918,800,0,,,,,,
344919,800,0,,,,,,
344920,800,1,,,,,,
344921,800,1,,,,,,
344922,800,0,,,,,,
344923,800,0,,,,,,
344924,800,1,,,,,,
344925,800,1,,,,,,
344926,800,0,,,,,,
344927,800,1,,,,,,
344928,800,0,,,,,,
344929,800,0,,,,,,
344930,800,1,,,,,,
344931,800,1,,,,,,
344932,800,0,,,,,,
344933,800,1,,,,,,
344934,800,1,,,,,,
344935,800,0,,,,,,
344936,800,0,,,,,,
344937,800,0,,,,,,
344938,800,1,,,,,,
344939,800,0,,,,,,
344940,800,0,,,,,,
344941,800,0,,,,,,
344942,800,0,,,,,,
344943,800,1,,,,,,
344944,800,0,,,,,,
344945,800,0,,,,,,
344946,800,1,,,,,,
344947,800,1,,,,,,
344948,800,1,,,,,,
344949,800,0,,,,,,
344950,800,0,,,,,,
344951,800,1,,,,,,
344952,800,0,,,,,,
344953,800,0,,,,,,
344954,800,0,,,,,,
344955,800,0,,,,,,
344956,800,0,,,,,,
344957,800,1,,,,,,
344958,800,1,,,,,,
344959,800,1,,,,,,
344960,800,1,,,,,,
344961,800,1,,,,,,
344962,800,1,,,,,,
344963,800,1,,,,,,
344964,800,0,,,,,,
344965,800,1,,,,,,
344966,800,1,,,,,,
